item_idx,movie_id
0,1
1,2
2,3
3,4
4,5
5,6
6,7
7,8
8,9
9,10
10,11
11,12
12,13
13,14
14,15
15,16
16,17
17,18
18,19
19,20
20,21
21,22
22,23
23,24
24,25
25,26
26,27
27,28
28,29
29,30
30,31
31,32
32,34
33,35
34,36
35,38
36,39
37,40
38,41
39,42
40,43
41,44
42,45
43,46
44,47
45,48
46,49
47,50
48,52
49,54
50,55
51,57
52,58
53,60
54,61
55,62
56,63
57,64
58,65
59,66
60,68
61,69
62,70
63,71
64,72
65,73
66,74
67,75
68,76
69,77
70,78
71,79
72,80
73,81
74,82
75,83
76,84
77,85
78,86
79,87
80,88
81,89
82,92
83,93
84,94
85,95
86,96
87,97
88,99
89,100
90,101
91,102
92,103
93,104
94,105
95,106
96,107
97,110
98,111
99,112
100,113
101,114
102,116
103,117
104,118
105,119
106,121
107,122
108,123
109,124
110,125
111,126
112,128
113,129
114,131
115,132
116,135
117,137
118,140
119,141
120,144
121,145
122,146
123,147
124,148
125,149
126,150
127,151
128,152
129,153
130,154
131,155
132,156
133,157
134,158
135,159
136,160
137,161
138,162
139,163
140,164
141,165
142,166
143,168
144,169
145,170
146,171
147,172
148,173
149,174
150,175
151,176
152,177
153,178
154,179
155,180
156,181
157,182
158,183
159,184
160,185
161,186
162,187
163,188
164,189
165,190
166,191
167,193
168,194
169,195
170,196
171,197
172,198
173,199
174,200
175,201
176,202
177,203
178,204
179,205
180,206
181,207
182,208
183,209
184,210
185,211
186,212
187,213
188,214
189,215
190,216
191,217
192,218
193,219
194,220
195,222
196,223
197,224
198,225
199,227
200,228
201,229
202,230
203,231
204,232
205,233
206,234
207,235
208,236
209,237
210,238
211,239
212,240
213,241
214,242
215,243
216,244
217,246
218,247
219,248
220,249
221,250
222,251
223,252
224,253
225,254
226,255
227,256
228,257
229,258
230,259
231,260
232,261
233,262
234,263
235,265
236,266
237,267
238,268
239,269
240,270
241,271
242,272
243,273
244,274
245,275
246,276
247,277
248,278
249,279
250,280
251,281
252,282
253,283
254,287
255,288
256,289
257,290
258,291
259,292
260,293
261,294
262,295
263,296
264,297
265,298
266,299
267,300
268,301
269,302
270,303
271,304
272,305
273,306
274,307
275,308
276,309
277,312
278,313
279,314
280,315
281,316
282,317
283,318
284,319
285,320
286,321
287,322
288,324
289,325
290,326
291,327
292,328
293,329
294,330
295,331
296,332
297,333
298,334
299,335
300,336
301,337
302,338
303,339
304,340
305,341
306,342
307,343
308,344
309,345
310,346
311,347
312,348
313,349
314,350
315,351
316,352
317,353
318,354
319,355
320,356
321,357
322,358
323,359
324,360
325,361
326,362
327,363
328,364
329,365
330,366
331,367
332,368
333,369
334,370
335,371
336,372
337,373
338,374
339,375
340,376
341,377
342,378
343,379
344,380
345,381
346,382
347,383
348,384
349,385
350,386
351,387
352,388
353,389
354,390
355,391
356,392
357,393
358,394
359,397
360,405
361,407
362,408
363,409
364,410
365,411
366,412
367,413
368,414
369,415
370,416
371,417
372,418
373,419
374,420
375,421
376,422
377,423
378,424
379,425
380,426
381,427
382,428
383,429
384,430
385,431
386,432
387,433
388,434
389,435
390,436
391,437
392,438
393,440
394,441
395,442
396,443
397,444
398,445
399,446
400,447
401,448
402,449
403,450
404,451
405,452
406,453
407,454
408,455
409,456
410,457
411,458
412,459
413,460
414,461
415,462
416,463
417,464
418,465
419,466
420,467
421,468
422,469
423,470
424,471
425,472
426,473
427,474
428,475
429,476
430,477
431,478
432,479
433,480
434,481
435,482
436,483
437,484
438,485
439,486
440,487
441,488
442,489
443,490
444,491
445,492
446,493
447,494
448,495
449,496
450,497
451,498
452,499
453,500
454,501
455,502
456,503
457,504
458,505
459,506
460,507
461,508
462,509
463,510
464,511
465,512
466,513
467,514
468,515
469,516
470,517
471,518
472,519
473,520
474,521
475,522
476,523
477,524
478,525
479,527
480,528
481,529
482,531
483,532
484,533
485,534
486,535
487,536
488,537
489,538
490,539
491,540
492,541
493,542
494,543
495,544
496,546
497,547
498,548
499,549
500,550
501,551
502,552
503,553
504,554
505,555
506,556
507,558
508,561
509,562
510,563
511,564
512,565
513,566
514,567
515,568
516,569
517,570
518,571
519,573
520,574
521,575
522,577
523,580
524,581
525,583
526,585
527,586
528,587
529,588
530,589
531,590
532,592
533,593
534,594
535,595
536,596
537,597
538,599
539,600
540,602
541,603
542,605
543,606
544,608
545,609
546,610
547,611
548,612
549,613
550,615
551,616
552,617
553,619
554,621
555,626
556,627
557,628
558,631
559,632
560,633
561,635
562,637
563,638
564,639
565,640
566,645
567,647
568,648
569,649
570,650
571,653
572,656
573,659
574,661
575,662
576,663
577,665
578,667
579,668
580,669
581,670
582,671
583,673
584,674
585,678
586,680
587,681
588,685
589,688
590,691
591,692
592,694
593,695
594,697
595,700
596,702
597,704
598,705
599,707
600,708
601,709
602,710
603,711
604,714
605,715
606,716
607,718
608,719
609,720
610,722
611,724
612,725
613,728
614,731
615,733
616,735
617,736
618,737
619,741
620,742
621,743
622,745
623,746
624,747
625,748
626,750
627,751
628,753
629,754
630,759
631,760
632,761
633,762
634,764
635,765
636,766
637,767
638,769
639,771
640,778
641,779
642,780
643,781
644,782
645,783
646,784
647,785
648,786
649,788
650,798
651,799
652,800
653,801
654,802
655,803
656,804
657,805
658,806
659,807
660,808
661,809
662,810
663,813
664,818
665,824
666,828
667,829
668,830
669,831
670,832
671,833
672,835
673,836
674,837
675,838
676,839
677,840
678,841
679,842
680,846
681,848
682,849
683,850
684,851
685,852
686,858
687,860
688,861
689,862
690,863
691,864
692,866
693,867
694,869
695,870
696,875
697,876
698,877
699,879
700,880
701,881
702,882
703,885
704,886
705,888
706,891
707,892
708,893
709,896
710,897
711,898
712,899
713,900
714,901
715,902
716,903
717,904
718,905
719,906
720,907
721,908
722,909
723,910
724,911
725,912
726,913
727,914
728,915
729,916
730,917
731,918
732,919
733,920
734,921
735,922
736,923
737,924
738,925
739,926
740,927
741,928
742,929
743,930
744,931
745,932
746,933
747,934
748,935
749,936
750,937
751,938
752,939
753,940
754,941
755,942
756,943
757,944
758,945
759,946
760,947
761,948
762,949
763,950
764,951
765,952
766,953
767,954
768,955
769,956
770,957
771,958
772,959
773,960
774,961
775,962
776,963
777,964
778,965
779,967
780,968
781,969
782,970
783,971
784,973
785,974
786,976
787,978
788,982
789,984
790,986
791,987
792,988
793,990
794,991
795,992
796,994
797,996
798,997
799,998
800,999
801,1000
802,1003
803,1004
804,1005
805,1006
806,1007
807,1008
808,1009
809,1010
810,1011
811,1012
812,1013
813,1014
814,1015
815,1016
816,1017
817,1018
818,1019
819,1020
820,1021
821,1022
822,1023
823,1024
824,1025
825,1027
826,1028
827,1029
828,1030
829,1031
830,1032
831,1033
832,1034
833,1035
834,1036
835,1037
836,1038
837,1041
838,1042
839,1043
840,1044
841,1046
842,1047
843,1049
844,1050
845,1051
846,1053
847,1054
848,1055
849,1056
850,1057
851,1058
852,1059
853,1060
854,1061
855,1063
856,1064
857,1066
858,1067
859,1068
860,1069
861,1073
862,1076
863,1077
864,1078
865,1079
866,1080
867,1081
868,1082
869,1083
870,1084
871,1085
872,1086
873,1087
874,1088
875,1089
876,1090
877,1091
878,1092
879,1093
880,1094
881,1095
882,1096
883,1097
884,1099
885,1100
886,1101
887,1103
888,1104
889,1105
890,1111
891,1112
892,1113
893,1114
894,1116
895,1117
896,1119
897,1120
898,1121
899,1123
900,1124
901,1125
902,1126
903,1127
904,1128
905,1129
906,1130
907,1131
908,1132
909,1135
910,1136
911,1144
912,1147
913,1148
914,1150
915,1151
916,1152
917,1153
918,1154
919,1161
920,1162
921,1163
922,1167
923,1168
924,1169
925,1170
926,1171
927,1172
928,1173
929,1175
930,1176
931,1177
932,1178
933,1179
934,1180
935,1181
936,1183
937,1184
938,1185
939,1186
940,1187
941,1188
942,1189
943,1190
944,1191
945,1192
946,1193
947,1194
948,1196
949,1197
950,1198
951,1199
952,1200
953,1201
954,1202
955,1203
956,1204
957,1205
958,1206
959,1207
960,1208
961,1209
962,1210
963,1211
964,1212
965,1213
966,1214
967,1215
968,1216
969,1217
970,1218
971,1219
972,1220
973,1221
974,1222
975,1223
976,1224
977,1225
978,1226
979,1227
980,1228
981,1230
982,1231
983,1232
984,1233
985,1234
986,1235
987,1236
988,1237
989,1238
990,1240
991,1241
992,1242
993,1243
994,1244
995,1245
996,1246
997,1247
998,1248
999,1249
1000,1250
1001,1251
1002,1252
1003,1253
1004,1254
1005,1255
1006,1256
1007,1257
1008,1258
1009,1259
1010,1260
1011,1261
1012,1262
1013,1263
1014,1264
1015,1265
1016,1266
1017,1267
1018,1268
1019,1269
1020,1270
1021,1271
1022,1272
1023,1273
1024,1274
1025,1275
1026,1276
1027,1277
1028,1278
1029,1279
1030,1280
1031,1281
1032,1282
1033,1283
1034,1284
1035,1285
1036,1286
1037,1287
1038,1288
1039,1289
1040,1290
1041,1291
1042,1292
1043,1293
1044,1294
1045,1295
1046,1296
1047,1297
1048,1298
1049,1299
1050,1300
1051,1301
1052,1302
1053,1303
1054,1304
1055,1305
1056,1306
1057,1307
1058,1310
1059,1312
1060,1313
1061,1317
1062,1320
1063,1321
1064,1322
1065,1323
1066,1324
1067,1325
1068,1326
1069,1327
1070,1328
1071,1329
1072,1330
1073,1331
1074,1332
1075,1333
1076,1334
1077,1335
1078,1336
1079,1337
1080,1339
1081,1340
1082,1341
1083,1342
1084,1343
1085,1344
1086,1345
1087,1346
1088,1347
1089,1348
1090,1349
1091,1350
1092,1351
1093,1352
1094,1353
1095,1354
1096,1355
1097,1356
1098,1357
1099,1358
1100,1359
1101,1361
1102,1362
1103,1363
1104,1365
1105,1366
1106,1367
1107,1370
1108,1371
1109,1372
1110,1373
1111,1374
1112,1375
1113,1376
1114,1377
1115,1378
1116,1379
1117,1380
1118,1381
1119,1382
1120,1383
1121,1385
1122,1387
1123,1388
1124,1389
1125,1390
1126,1391
1127,1392
1128,1393
1129,1394
1130,1395
1131,1396
1132,1397
1133,1398
1134,1399
1135,1401
1136,1404
1137,1405
1138,1406
1139,1407
1140,1408
1141,1409
1142,1410
1143,1411
1144,1412
1145,1413
1146,1414
1147,1415
1148,1416
1149,1417
1150,1419
1151,1421
1152,1422
1153,1423
1154,1425
1155,1426
1156,1427
1157,1428
1158,1429
1159,1431
1160,1432
1161,1437
1162,1438
1163,1439
1164,1440
1165,1441
1166,1442
1167,1445
1168,1446
1169,1447
1170,1449
1171,1450
1172,1453
1173,1454
1174,1455
1175,1456
1176,1457
1177,1458
1178,1459
1179,1460
1180,1461
1181,1463
1182,1464
1183,1465
1184,1466
1185,1468
1186,1472
1187,1473
1188,1474
1189,1475
1190,1476
1191,1477
1192,1479
1193,1480
1194,1482
1195,1483
1196,1484
1197,1485
1198,1487
1199,1488
1200,1489
1201,1490
1202,1493
1203,1494
1204,1495
1205,1496
1206,1497
1207,1498
1208,1499
1209,1500
1210,1501
1211,1502
1212,1503
1213,1504
1214,1507
1215,1508
1216,1509
1217,1511
1218,1513
1219,1515
1220,1516
1221,1517
1222,1518
1223,1520
1224,1523
1225,1525
1226,1526
1227,1527
1228,1529
1229,1531
1230,1533
1231,1535
1232,1537
1233,1539
1234,1541
1235,1542
1236,1544
1237,1545
1238,1546
1239,1547
1240,1549
1241,1550
1242,1551
1243,1552
1244,1554
1245,1556
1246,1562
1247,1563
1248,1564
1249,1565
1250,1566
1251,1569
1252,1570
1253,1571
1254,1572
1255,1573
1256,1574
1257,1575
1258,1580
1259,1581
1260,1582
1261,1583
1262,1584
1263,1585
1264,1586
1265,1587
1266,1588
1267,1589
1268,1590
1269,1591
1270,1592
1271,1593
1272,1594
1273,1595
1274,1596
1275,1597
1276,1598
1277,1599
1278,1600
1279,1601
1280,1602
1281,1603
1282,1604
1283,1605
1284,1606
1285,1608
1286,1609
1287,1610
1288,1611
1289,1612
1290,1613
1291,1614
1292,1615
1293,1616
1294,1617
1295,1619
1296,1620
1297,1621
1298,1623
1299,1624
1300,1625
1301,1626
1302,1627
1303,1629
1304,1631
1305,1632
1306,1633
1307,1635
1308,1639
1309,1640
1310,1641
1311,1642
1312,1643
1313,1644
1314,1645
1315,1646
1316,1647
1317,1648
1318,1649
1319,1650
1320,1651
1321,1653
1322,1654
1323,1655
1324,1656
1325,1657
1326,1658
1327,1660
1328,1661
1329,1662
1330,1663
1331,1665
1332,1666
1333,1667
1334,1668
1335,1669
1336,1670
1337,1671
1338,1672
1339,1673
1340,1674
1341,1675
1342,1676
1343,1677
1344,1678
1345,1679
1346,1680
1347,1681
1348,1682
1349,1683
1350,1684
1351,1686
1352,1687
1353,1688
1354,1689
1355,1690
1356,1692
1357,1693
1358,1694
1359,1695
1360,1696
1361,1699
1362,1701
1363,1702
1364,1703
1365,1704
1366,1707
1367,1711
1368,1713
1369,1715
1370,1717
1371,1719
1372,1721
1373,1722
1374,1725
1375,1726
1376,1727
1377,1728
1378,1729
1379,1730
1380,1731
1381,1732
1382,1733
1383,1734
1384,1735
1385,1739
1386,1743
1387,1744
1388,1746
1389,1747
1390,1748
1391,1749
1392,1750
1393,1752
1394,1753
1395,1754
1396,1755
1397,1756
1398,1758
1399,1759
1400,1760
1401,1762
1402,1767
1403,1769
1404,1770
1405,1771
1406,1772
1407,1777
1408,1779
1409,1783
1410,1784
1411,1785
1412,1788
1413,1791
1414,1792
1415,1793
1416,1794
1417,1797
1418,1798
1419,1799
1420,1801
1421,1804
1422,1805
1423,1806
1424,1807
1425,1809
1426,1810
1427,1811
1428,1812
1429,1814
1430,1816
1431,1817
1432,1821
1433,1822
1434,1824
1435,1825
1436,1826
1437,1827
1438,1829
1439,1831
1440,1833
1441,1834
1442,1835
1443,1836
1444,1837
1445,1839
1446,1840
1447,1841
1448,1844
1449,1845
1450,1846
1451,1848
1452,1850
1453,1853
1454,1854
1455,1855
1456,1856
1457,1857
1458,1858
1459,1859
1460,1860
1461,1862
1462,1863
1463,1864
1464,1865
1465,1866
1466,1867
1467,1869
1468,1870
1469,1872
1470,1873
1471,1874
1472,1875
1473,1876
1474,1878
1475,1879
1476,1880
1477,1881
1478,1882
1479,1883
1480,1884
1481,1885
1482,1887
1483,1888
1484,1889
1485,1892
1486,1893
1487,1894
1488,1895
1489,1896
1490,1897
1491,1898
1492,1900
1493,1902
1494,1904
1495,1906
1496,1907
1497,1909
1498,1910
1499,1911
1500,1912
1501,1913
1502,1914
1503,1916
1504,1917
1505,1918
1506,1919
1507,1920
1508,1921
1509,1922
1510,1923
1511,1924
1512,1925
1513,1926
1514,1927
1515,1928
1516,1929
1517,1931
1518,1932
1519,1933
1520,1934
1521,1935
1522,1936
1523,1937
1524,1938
1525,1939
1526,1940
1527,1941
1528,1942
1529,1943
1530,1944
1531,1945
1532,1946
1533,1947
1534,1948
1535,1949
1536,1950
1537,1951
1538,1952
1539,1953
1540,1954
1541,1955
1542,1956
1543,1957
1544,1958
1545,1959
1546,1960
1547,1961
1548,1962
1549,1963
1550,1964
1551,1965
1552,1966
1553,1967
1554,1968
1555,1969
1556,1970
1557,1971
1558,1972
1559,1973
1560,1974
1561,1975
1562,1976
1563,1977
1564,1978
1565,1979
1566,1980
1567,1981
1568,1982
1569,1983
1570,1984
1571,1985
1572,1986
1573,1987
1574,1988
1575,1989
1576,1990
1577,1991
1578,1992
1579,1993
1580,1994
1581,1995
1582,1996
1583,1997
1584,1998
1585,1999
1586,2000
1587,2001
1588,2002
1589,2003
1590,2004
1591,2005
1592,2006
1593,2007
1594,2008
1595,2009
1596,2010
1597,2011
1598,2012
1599,2013
1600,2014
1601,2015
1602,2016
1603,2017
1604,2018
1605,2019
1606,2020
1607,2021
1608,2022
1609,2023
1610,2024
1611,2025
1612,2026
1613,2027
1614,2028
1615,2029
1616,2031
1617,2032
1618,2033
1619,2034
1620,2035
1621,2036
1622,2037
1623,2038
1624,2040
1625,2041
1626,2042
1627,2043
1628,2044
1629,2045
1630,2046
1631,2047
1632,2048
1633,2049
1634,2050
1635,2051
1636,2052
1637,2053
1638,2054
1639,2055
1640,2056
1641,2057
1642,2058
1643,2059
1644,2060
1645,2062
1646,2064
1647,2065
1648,2066
1649,2067
1650,2068
1651,2069
1652,2070
1653,2071
1654,2072
1655,2073
1656,2074
1657,2075
1658,2076
1659,2077
1660,2078
1661,2079
1662,2080
1663,2081
1664,2082
1665,2083
1666,2084
1667,2085
1668,2086
1669,2087
1670,2088
1671,2089
1672,2090
1673,2091
1674,2092
1675,2093
1676,2094
1677,2095
1678,2096
1679,2097
1680,2098
1681,2099
1682,2100
1683,2101
1684,2102
1685,2103
1686,2104
1687,2105
1688,2106
1689,2107
1690,2108
1691,2109
1692,2110
1693,2111
1694,2112
1695,2113
1696,2114
1697,2115
1698,2116
1699,2117
1700,2118
1701,2119
1702,2120
1703,2121
1704,2122
1705,2123
1706,2124
1707,2125
1708,2126
1709,2128
1710,2130
1711,2131
1712,2132
1713,2133
1714,2134
1715,2135
1716,2136
1717,2137
1718,2138
1719,2139
1720,2140
1721,2141
1722,2142
1723,2143
1724,2144
1725,2145
1726,2146
1727,2147
1728,2148
1729,2149
1730,2150
1731,2151
1732,2152
1733,2153
1734,2154
1735,2155
1736,2157
1737,2158
1738,2159
1739,2160
1740,2161
1741,2162
1742,2163
1743,2164
1744,2165
1745,2166
1746,2167
1747,2168
1748,2169
1749,2170
1750,2171
1751,2173
1752,2174
1753,2175
1754,2176
1755,2177
1756,2178
1757,2179
1758,2180
1759,2181
1760,2182
1761,2183
1762,2184
1763,2185
1764,2186
1765,2187
1766,2188
1767,2189
1768,2190
1769,2191
1770,2193
1771,2194
1772,2195
1773,2196
1774,2197
1775,2201
1776,2202
1777,2203
1778,2204
1779,2205
1780,2206
1781,2208
1782,2209
1783,2210
1784,2211
1785,2212
1786,2215
1787,2221
1788,2227
1789,2231
1790,2232
1791,2236
1792,2237
1793,2238
1794,2239
1795,2240
1796,2241
1797,2243
1798,2245
1799,2246
1800,2247
1801,2248
1802,2249
1803,2250
1804,2252
1805,2253
1806,2255
1807,2256
1808,2257
1809,2259
1810,2260
1811,2261
1812,2262
1813,2263
1814,2264
1815,2265
1816,2266
1817,2267
1818,2268
1819,2269
1820,2271
1821,2272
1822,2273
1823,2275
1824,2276
1825,2278
1826,2279
1827,2280
1828,2281
1829,2282
1830,2283
1831,2284
1832,2285
1833,2286
1834,2287
1835,2288
1836,2289
1837,2290
1838,2291
1839,2292
1840,2293
1841,2294
1842,2295
1843,2296
1844,2297
1845,2298
1846,2300
1847,2301
1848,2302
1849,2303
1850,2305
1851,2306
1852,2307
1853,2310
1854,2311
1855,2312
1856,2313
1857,2314
1858,2315
1859,2316
1860,2318
1861,2320
1862,2321
1863,2322
1864,2323
1865,2324
1866,2325
1867,2326
1868,2327
1869,2328
1870,2329
1871,2330
1872,2331
1873,2333
1874,2334
1875,2335
1876,2336
1877,2337
1878,2338
1879,2339
1880,2340
1881,2341
1882,2342
1883,2344
1884,2345
1885,2346
1886,2347
1887,2348
1888,2349
1889,2350
1890,2351
1891,2352
1892,2353
1893,2354
1894,2355
1895,2356
1896,2357
1897,2359
1898,2360
1899,2361
1900,2362
1901,2363
1902,2364
1903,2365
1904,2366
1905,2367
1906,2368
1907,2369
1908,2370
1909,2371
1910,2372
1911,2373
1912,2374
1913,2375
1914,2376
1915,2377
1916,2378
1917,2379
1918,2380
1919,2381
1920,2382
1921,2383
1922,2384
1923,2385
1924,2386
1925,2387
1926,2388
1927,2389
1928,2390
1929,2391
1930,2392
1931,2393
1932,2394
1933,2395
1934,2396
1935,2397
1936,2398
1937,2399
1938,2400
1939,2401
1940,2402
1941,2403
1942,2404
1943,2405
1944,2406
1945,2407
1946,2408
1947,2409
1948,2410
1949,2411
1950,2412
1951,2413
1952,2414
1953,2415
1954,2416
1955,2417
1956,2418
1957,2419
1958,2420
1959,2421
1960,2422
1961,2423
1962,2424
1963,2425
1964,2426
1965,2427
1966,2428
1967,2429
1968,2430
1969,2431
1970,2432
1971,2433
1972,2434
1973,2435
1974,2436
1975,2437
1976,2439
1977,2440
1978,2441
1979,2442
1980,2443
1981,2445
1982,2446
1983,2447
1984,2448
1985,2449
1986,2450
1987,2451
1988,2452
1989,2453
1990,2454
1991,2455
1992,2456
1993,2457
1994,2458
1995,2459
1996,2460
1997,2461
1998,2462
1999,2463
2000,2465
2001,2466
2002,2467
2003,2468
2004,2469
2005,2470
2006,2471
2007,2472
2008,2473
2009,2474
2010,2475
2011,2476
2012,2477
2013,2478
2014,2479
2015,2481
2016,2482
2017,2483
2018,2485
2019,2488
2020,2490
2021,2491
2022,2492
2023,2493
2024,2494
2025,2495
2026,2496
2027,2497
2028,2498
2029,2499
2030,2500
2031,2501
2032,2502
2033,2504
2034,2505
2035,2506
2036,2507
2037,2509
2038,2511
2039,2512
2040,2513
2041,2514
2042,2515
2043,2516
2044,2517
2045,2518
2046,2519
2047,2520
2048,2521
2049,2522
2050,2523
2051,2524
2052,2525
2053,2526
2054,2527
2055,2528
2056,2529
2057,2530
2058,2531
2059,2532
2060,2533
2061,2534
2062,2535
2063,2536
2064,2537
2065,2539
2066,2540
2067,2541
2068,2542
2069,2544
2070,2545
2071,2546
2072,2548
2073,2549
2074,2550
2075,2551
2076,2552
2077,2553
2078,2554
2079,2555
2080,2558
2081,2559
2082,2560
2083,2561
2084,2565
2085,2566
2086,2567
2087,2568
2088,2570
2089,2571
2090,2572
2091,2573
2092,2574
2093,2575
2094,2577
2095,2579
2096,2580
2097,2581
2098,2582
2099,2583
2100,2585
2101,2586
2102,2587
2103,2589
2104,2590
2105,2593
2106,2594
2107,2596
2108,2597
2109,2598
2110,2599
2111,2600
2112,2605
2113,2606
2114,2607
2115,2609
2116,2610
2117,2611
2118,2612
2119,2613
2120,2614
2121,2615
2122,2616
2123,2617
2124,2618
2125,2620
2126,2621
2127,2622
2128,2624
2129,2625
2130,2626
2131,2627
2132,2628
2133,2629
2134,2630
2135,2632
2136,2633
2137,2634
2138,2635
2139,2636
2140,2637
2141,2638
2142,2639
2143,2640
2144,2641
2145,2642
2146,2643
2147,2644
2148,2645
2149,2646
2150,2647
2151,2648
2152,2649
2153,2650
2154,2651
2155,2652
2156,2653
2157,2654
2158,2655
2159,2656
2160,2657
2161,2658
2162,2659
2163,2660
2164,2661
2165,2662
2166,2663
2167,2664
2168,2665
2169,2666
2170,2667
2171,2668
2172,2669
2173,2670
2174,2671
2175,2672
2176,2674
2177,2675
2178,2676
2179,2677
2180,2678
2181,2681
2182,2682
2183,2683
2184,2686
2185,2687
2186,2688
2187,2689
2188,2690
2189,2691
2190,2692
2191,2693
2192,2694
2193,2696
2194,2697
2195,2699
2196,2700
2197,2701
2198,2702
2199,2704
2200,2706
2201,2707
2202,2708
2203,2709
2204,2710
2205,2711
2206,2712
2207,2713
2208,2714
2209,2715
2210,2716
2211,2717
2212,2718
2213,2719
2214,2720
2215,2721
2216,2722
2217,2723
2218,2724
2219,2725
2220,2726
2221,2727
2222,2728
2223,2729
2224,2730
2225,2731
2226,2732
2227,2733
2228,2734
2229,2735
2230,2736
2231,2737
2232,2738
2233,2739
2234,2740
2235,2741
2236,2743
2237,2744
2238,2745
2239,2746
2240,2747
2241,2748
2242,2749
2243,2750
2244,2751
2245,2752
2246,2753
2247,2754
2248,2755
2249,2756
2250,2757
2251,2758
2252,2759
2253,2761
2254,2762
2255,2763
2256,2764
2257,2766
2258,2767
2259,2768
2260,2769
2261,2770
2262,2771
2263,2772
2264,2773
2265,2774
2266,2775
2267,2776
2268,2778
2269,2779
2270,2780
2271,2781
2272,2782
2273,2783
2274,2784
2275,2785
2276,2786
2277,2787
2278,2788
2279,2789
2280,2790
2281,2791
2282,2792
2283,2793
2284,2794
2285,2795
2286,2796
2287,2797
2288,2798
2289,2799
2290,2800
2291,2801
2292,2802
2293,2803
2294,2804
2295,2805
2296,2806
2297,2807
2298,2808
2299,2809
2300,2810
2301,2812
2302,2813
2303,2815
2304,2816
2305,2817
2306,2818
2307,2819
2308,2820
2309,2822
2310,2824
2311,2826
2312,2827
2313,2828
2314,2829
2315,2830
2316,2834
2317,2835
2318,2836
2319,2837
2320,2839
2321,2840
2322,2841
2323,2842
2324,2843
2325,2844
2326,2846
2327,2847
2328,2848
2329,2849
2330,2851
2331,2852
2332,2853
2333,2854
2334,2855
2335,2856
2336,2857
2337,2858
2338,2859
2339,2860
2340,2861
2341,2862
2342,2863
2343,2864
2344,2865
2345,2866
2346,2867
2347,2868
2348,2870
2349,2871
2350,2872
2351,2873
2352,2874
2353,2875
2354,2876
2355,2877
2356,2878
2357,2879
2358,2880
2359,2881
2360,2882
2361,2883
2362,2884
2363,2885
2364,2886
2365,2888
2366,2889
2367,2890
2368,2891
2369,2892
2370,2893
2371,2894
2372,2896
2373,2897
2374,2898
2375,2899
2376,2900
2377,2901
2378,2902
2379,2903
2380,2904
2381,2905
2382,2906
2383,2907
2384,2908
2385,2912
2386,2913
2387,2915
2388,2916
2389,2917
2390,2918
2391,2919
2392,2920
2393,2921
2394,2922
2395,2923
2396,2924
2397,2925
2398,2926
2399,2927
2400,2928
2401,2929
2402,2932
2403,2935
2404,2936
2405,2937
2406,2938
2407,2939
2408,2940
2409,2941
2410,2942
2411,2943
2412,2944
2413,2945
2414,2946
2415,2947
2416,2948
2417,2949
2418,2950
2419,2951
2420,2952
2421,2953
2422,2956
2423,2959
2424,2961
2425,2962
2426,2963
2427,2964
2428,2965
2429,2966
2430,2967
2431,2968
2432,2969
2433,2970
2434,2971
2435,2972
2436,2973
2437,2974
2438,2975
2439,2976
2440,2977
2441,2978
2442,2979
2443,2981
2444,2982
2445,2983
2446,2985
2447,2986
2448,2987
2449,2988
2450,2989
2451,2990
2452,2991
2453,2992
2454,2993
2455,2994
2456,2995
2457,2996
2458,2997
2459,2998
2460,3000
2461,3002
2462,3004
2463,3005
2464,3006
2465,3007
2466,3008
2467,3010
2468,3011
2469,3012
2470,3013
2471,3014
2472,3015
2473,3016
2474,3017
2475,3018
2476,3019
2477,3020
2478,3021
2479,3022
2480,3024
2481,3025
2482,3028
2483,3029
2484,3030
2485,3031
2486,3032
2487,3033
2488,3034
2489,3035
2490,3036
2491,3037
2492,3038
2493,3039
2494,3040
2495,3041
2496,3042
2497,3043
2498,3044
2499,3045
2500,3046
2501,3047
2502,3048
2503,3049
2504,3050
2505,3051
2506,3052
2507,3053
2508,3054
2509,3055
2510,3058
2511,3060
2512,3061
2513,3062
2514,3063
2515,3064
2516,3066
2517,3067
2518,3068
2519,3069
2520,3070
2521,3071
2522,3072
2523,3073
2524,3074
2525,3075
2526,3076
2527,3077
2528,3078
2529,3079
2530,3081
2531,3082
2532,3083
2533,3086
2534,3087
2535,3088
2536,3089
2537,3090
2538,3091
2539,3092
2540,3093
2541,3094
2542,3095
2543,3096
2544,3097
2545,3098
2546,3099
2547,3100
2548,3101
2549,3102
2550,3103
2551,3104
2552,3105
2553,3106
2554,3107
2555,3108
2556,3109
2557,3110
2558,3111
2559,3112
2560,3113
2561,3114
2562,3115
2563,3116
2564,3117
2565,3118
2566,3120
2567,3121
2568,3122
2569,3124
2570,3125
2571,3127
2572,3128
2573,3129
2574,3130
2575,3132
2576,3133
2577,3134
2578,3135
2579,3137
2580,3138
2581,3139
2582,3141
2583,3142
2584,3143
2585,3144
2586,3145
2587,3146
2588,3147
2589,3148
2590,3150
2591,3152
2592,3153
2593,3155
2594,3156
2595,3157
2596,3158
2597,3159
2598,3160
2599,3161
2600,3162
2601,3163
2602,3165
2603,3167
2604,3168
2605,3169
2606,3171
2607,3173
2608,3174
2609,3175
2610,3176
2611,3177
2612,3178
2613,3179
2614,3180
2615,3181
2616,3182
2617,3183
2618,3185
2619,3186
2620,3188
2621,3189
2622,3190
2623,3192
2624,3194
2625,3196
2626,3197
2627,3198
2628,3199
2629,3200
2630,3201
2631,3203
2632,3204
2633,3206
2634,3208
2635,3210
2636,3211
2637,3213
2638,3214
2639,3215
2640,3217
2641,3218
2642,3219
2643,3221
2644,3222
2645,3223
2646,3224
2647,3225
2648,3230
2649,3235
2650,3238
2651,3239
2652,3240
2653,3241
2654,3243
2655,3244
2656,3246
2657,3247
2658,3248
2659,3249
2660,3250
2661,3251
2662,3252
2663,3253
2664,3254
2665,3255
2666,3256
2667,3257
2668,3258
2669,3259
2670,3260
2671,3261
2672,3262
2673,3263
2674,3264
2675,3265
2676,3266
2677,3267
2678,3268
2679,3269
2680,3270
2681,3271
2682,3272
2683,3273
2684,3274
2685,3275
2686,3276
2687,3281
2688,3282
2689,3283
2690,3284
2691,3285
2692,3286
2693,3287
2694,3289
2695,3296
2696,3298
2697,3299
2698,3300
2699,3301
2700,3302
2701,3304
2702,3306
2703,3307
2704,3308
2705,3309
2706,3310
2707,3311
2708,3313
2709,3316
2710,3317
2711,3318
2712,3319
2713,3320
2714,3324
2715,3325
2716,3326
2717,3327
2718,3328
2719,3329
2720,3330
2721,3331
2722,3333
2723,3334
2724,3335
2725,3338
2726,3339
2727,3340
2728,3341
2729,3342
2730,3343
2731,3344
2732,3345
2733,3347
2734,3349
2735,3350
2736,3351
2737,3354
2738,3355
2739,3357
2740,3358
2741,3359
2742,3360
2743,3361
2744,3362
2745,3363
2746,3364
2747,3365
2748,3366
2749,3367
2750,3368
2751,3370
2752,3371
2753,3372
2754,3374
2755,3375
2756,3379
2757,3384
2758,3385
2759,3386
2760,3387
2761,3388
2762,3389
2763,3390
2764,3391
2765,3392
2766,3393
2767,3394
2768,3395
2769,3396
2770,3397
2771,3398
2772,3399
2773,3400
2774,3401
2775,3402
2776,3403
2777,3404
2778,3405
2779,3406
2780,3408
2781,3409
2782,3412
2783,3414
2784,3415
2785,3416
2786,3417
2787,3418
2788,3419
2789,3420
2790,3421
2791,3422
2792,3423
2793,3424
2794,3425
2795,3426
2796,3427
2797,3428
2798,3429
2799,3430
2800,3431
2801,3432
2802,3433
2803,3434
2804,3435
2805,3436
2806,3437
2807,3438
2808,3439
2809,3440
2810,3441
2811,3442
2812,3444
2813,3445
2814,3446
2815,3447
2816,3448
2817,3449
2818,3450
2819,3451
2820,3452
2821,3453
2822,3454
2823,3456
2824,3457
2825,3459
2826,3461
2827,3462
2828,3463
2829,3464
2830,3465
2831,3466
2832,3467
2833,3468
2834,3469
2835,3470
2836,3471
2837,3473
2838,3474
2839,3475
2840,3476
2841,3477
2842,3478
2843,3479
2844,3480
2845,3481
2846,3483
2847,3484
2848,3487
2849,3488
2850,3489
2851,3490
2852,3491
2853,3492
2854,3494
2855,3495
2856,3496
2857,3497
2858,3498
2859,3499
2860,3500
2861,3501
2862,3502
2863,3503
2864,3504
2865,3505
2866,3506
2867,3507
2868,3508
2869,3509
2870,3510
2871,3511
2872,3512
2873,3513
2874,3514
2875,3515
2876,3516
2877,3518
2878,3519
2879,3520
2880,3521
2881,3524
2882,3525
2883,3526
2884,3527
2885,3528
2886,3529
2887,3531
2888,3532
2889,3534
2890,3535
2891,3536
2892,3537
2893,3538
2894,3539
2895,3540
2896,3543
2897,3544
2898,3545
2899,3546
2900,3547
2901,3548
2902,3549
2903,3550
2904,3551
2905,3552
2906,3553
2907,3554
2908,3555
2909,3556
2910,3557
2911,3559
2912,3562
2913,3563
2914,3564
2915,3565
2916,3566
2917,3567
2918,3568
2919,3569
2920,3570
2921,3571
2922,3572
2923,3573
2924,3574
2925,3576
2926,3577
2927,3578
2928,3579
2929,3580
2930,3581
2931,3584
2932,3585
2933,3586
2934,3587
2935,3588
2936,3590
2937,3591
2938,3593
2939,3594
2940,3596
2941,3597
2942,3598
2943,3599
2944,3600
2945,3602
2946,3604
2947,3605
2948,3606
2949,3608
2950,3610
2951,3611
2952,3612
2953,3613
2954,3614
2955,3615
2956,3616
2957,3617
2958,3618
2959,3619
2960,3620
2961,3622
2962,3623
2963,3624
2964,3625
2965,3626
2966,3627
2967,3628
2968,3629
2969,3632
2970,3633
2971,3634
2972,3635
2973,3637
2974,3638
2975,3639
2976,3640
2977,3642
2978,3643
2979,3644
2980,3645
2981,3646
2982,3649
2983,3653
2984,3654
2985,3655
2986,3658
2987,3659
2988,3660
2989,3661
2990,3662
2991,3663
2992,3664
2993,3665
2994,3667
2995,3668
2996,3669
2997,3670
2998,3671
2999,3672
3000,3673
3001,3674
3002,3675
3003,3676
3004,3677
3005,3678
3006,3679
3007,3680
3008,3681
3009,3682
3010,3683
3011,3684
3012,3685
3013,3686
3014,3688
3015,3689
3016,3690
3017,3691
3018,3692
3019,3693
3020,3694
3021,3695
3022,3696
3023,3697
3024,3698
3025,3699
3026,3700
3027,3701
3028,3702
3029,3703
3030,3704
3031,3705
3032,3706
3033,3707
3034,3708
3035,3709
3036,3710
3037,3711
3038,3712
3039,3713
3040,3714
3041,3715
3042,3716
3043,3717
3044,3718
3045,3719
3046,3720
3047,3721
3048,3723
3049,3724
3050,3725
3051,3726
3052,3727
3053,3728
3054,3729
3055,3730
3056,3731
3057,3732
3058,3733
3059,3734
3060,3735
3061,3736
3062,3737
3063,3738
3064,3739
3065,3740
3066,3741
3067,3742
3068,3743
3069,3744
3070,3745
3071,3746
3072,3747
3073,3749
3074,3751
3075,3752
3076,3753
3077,3754
3078,3755
3079,3756
3080,3757
3081,3758
3082,3759
3083,3760
3084,3761
3085,3763
3086,3764
3087,3765
3088,3766
3089,3767
3090,3768
3091,3769
3092,3770
3093,3771
3094,3773
3095,3774
3096,3775
3097,3776
3098,3777
3099,3780
3100,3781
3101,3782
3102,3783
3103,3784
3104,3785
3105,3786
3106,3787
3107,3788
3108,3789
3109,3790
3110,3791
3111,3792
3112,3793
3113,3794
3114,3795
3115,3796
3116,3797
3117,3798
3118,3799
3119,3801
3120,3802
3121,3804
3122,3805
3123,3806
3124,3807
3125,3808
3126,3809
3127,3810
3128,3811
3129,3812
3130,3813
3131,3814
3132,3816
3133,3817
3134,3819
3135,3820
3136,3821
3137,3822
3138,3823
3139,3824
3140,3825
3141,3826
3142,3827
3143,3830
3144,3831
3145,3832
3146,3833
3147,3834
3148,3835
3149,3836
3150,3837
3151,3838
3152,3839
3153,3840
3154,3841
3155,3843
3156,3844
3157,3845
3158,3846
3159,3847
3160,3848
3161,3849
3162,3850
3163,3851
3164,3852
3165,3853
3166,3854
3167,3855
3168,3857
3169,3858
3170,3859
3171,3860
3172,3861
3173,3862
3174,3863
3175,3864
3176,3865
3177,3867
3178,3868
3179,3869
3180,3870
3181,3871
3182,3872
3183,3873
3184,3874
3185,3877
3186,3878
3187,3879
3188,3880
3189,3882
3190,3883
3191,3884
3192,3885
3193,3886
3194,3889
3195,3893
3196,3894
3197,3895
3198,3896
3199,3897
3200,3898
3201,3900
3202,3901
3203,3902
3204,3903
3205,3906
3206,3908
3207,3909
3208,3910
3209,3911
3210,3912
3211,3913
3212,3914
3213,3915
3214,3916
3215,3917
3216,3918
3217,3919
3218,3920
3219,3921
3220,3922
3221,3923
3222,3924
3223,3925
3224,3926
3225,3927
3226,3928
3227,3929
3228,3930
3229,3931
3230,3932
3231,3933
3232,3934
3233,3935
3234,3936
3235,3937
3236,3938
3237,3939
3238,3940
3239,3941
3240,3942
3241,3943
3242,3945
3243,3946
3244,3947
3245,3948
3246,3949
3247,3950
3248,3951
3249,3952
