user_idx,user_id
0,1
1,2
2,3
3,5
4,6
5,8
6,9
7,10
8,11
9,13
10,15
11,17
12,18
13,19
14,22
15,23
16,24
17,25
18,26
19,27
20,28
21,29
22,30
23,31
24,32
25,33
26,34
27,35
28,36
29,37
30,38
31,39
32,40
33,42
34,44
35,45
36,48
37,49
38,50
39,51
40,52
41,53
42,54
43,56
44,57
45,58
46,59
47,60
48,62
49,63
50,65
51,67
52,68
53,69
54,70
55,72
56,73
57,74
58,75
59,76
60,78
61,80
62,81
63,82
64,83
65,86
66,87
67,88
68,90
69,91
70,92
71,93
72,95
73,96
74,97
75,99
76,100
77,101
78,102
79,103
80,104
81,105
82,106
83,107
84,109
85,110
86,111
87,112
88,113
89,114
90,116
91,117
92,118
93,119
94,120
95,121
96,122
97,123
98,125
99,126
100,127
101,129
102,130
103,131
104,132
105,133
106,134
107,135
108,136
109,137
110,138
111,139
112,140
113,142
114,143
115,146
116,147
117,148
118,149
119,150
120,151
121,154
122,155
123,156
124,157
125,161
126,162
127,163
128,165
129,166
130,167
131,169
132,170
133,173
134,174
135,175
136,176
137,177
138,178
139,179
140,180
141,181
142,182
143,183
144,184
145,185
146,186
147,187
148,188
149,190
150,192
151,193
152,194
153,195
154,198
155,199
156,201
157,202
158,203
159,204
160,205
161,208
162,210
163,212
164,214
165,216
166,218
167,220
168,222
169,223
170,224
171,225
172,229
173,230
174,231
175,232
176,233
177,235
178,236
179,237
180,238
181,239
182,240
183,241
184,242
185,244
186,245
187,249
188,251
189,252
190,253
191,255
192,256
193,257
194,258
195,259
196,260
197,261
198,262
199,263
200,264
201,265
202,266
203,267
204,268
205,270
206,271
207,272
208,273
209,274
210,275
211,278
212,279
213,280
214,281
215,284
216,285
217,286
218,287
219,288
220,289
221,291
222,292
223,293
224,294
225,295
226,296
227,297
228,299
229,300
230,301
231,302
232,303
233,305
234,306
235,307
236,308
237,309
238,310
239,312
240,314
241,316
242,319
243,321
244,322
245,323
246,324
247,325
248,326
249,327
250,328
251,329
252,330
253,331
254,332
255,333
256,334
257,335
258,336
259,337
260,338
261,339
262,340
263,342
264,343
265,344
266,346
267,347
268,348
269,349
270,350
271,351
272,352
273,354
274,355
275,357
276,358
277,359
278,360
279,362
280,363
281,365
282,366
283,368
284,369
285,370
286,371
287,372
288,374
289,375
290,376
291,377
292,379
293,380
294,382
295,385
296,386
297,387
298,388
299,389
300,390
301,391
302,392
303,393
304,396
305,398
306,400
307,401
308,402
309,403
310,404
311,405
312,406
313,408
314,409
315,410
316,411
317,412
318,413
319,414
320,415
321,416
322,418
323,419
324,420
325,422
326,423
327,424
328,425
329,426
330,428
331,429
332,430
333,431
334,432
335,433
336,434
337,435
338,436
339,437
340,438
341,439
342,441
343,442
344,444
345,445
346,446
347,449
348,450
349,451
350,452
351,453
352,454
353,456
354,457
355,458
356,460
357,461
358,462
359,463
360,464
361,466
362,467
363,469
364,470
365,471
366,472
367,473
368,474
369,475
370,476
371,477
372,478
373,479
374,480
375,481
376,482
377,485
378,487
379,490
380,493
381,494
382,495
383,496
384,498
385,499
386,500
387,501
388,504
389,505
390,506
391,507
392,508
393,509
394,510
395,513
396,514
397,515
398,516
399,517
400,518
401,519
402,520
403,521
404,522
405,523
406,524
407,526
408,528
409,529
410,530
411,531
412,532
413,533
414,534
415,536
416,537
417,538
418,539
419,541
420,543
421,544
422,546
423,547
424,548
425,549
426,550
427,551
428,552
429,553
430,554
431,556
432,557
433,558
434,560
435,563
436,564
437,566
438,569
439,570
440,571
441,575
442,576
443,577
444,579
445,580
446,581
447,582
448,583
449,585
450,587
451,588
452,590
453,591
454,593
455,594
456,595
457,596
458,597
459,601
460,602
461,603
462,604
463,605
464,608
465,609
466,610
467,611
468,612
469,613
470,614
471,615
472,616
473,618
474,620
475,621
476,622
477,623
478,624
479,625
480,626
481,628
482,629
483,630
484,631
485,633
486,634
487,635
488,636
489,637
490,638
491,639
492,641
493,643
494,644
495,645
496,646
497,647
498,648
499,649
500,651
501,652
502,654
503,655
504,656
505,657
506,658
507,659
508,660
509,661
510,662
511,663
512,664
513,666
514,667
515,669
516,670
517,671
518,672
519,673
520,674
521,675
522,676
523,677
524,678
525,679
526,682
527,685
528,687
529,689
530,690
531,691
532,692
533,693
534,694
535,695
536,696
537,697
538,698
539,699
540,701
541,702
542,704
543,705
544,706
545,707
546,709
547,710
548,711
549,712
550,713
551,714
552,715
553,716
554,718
555,720
556,721
557,722
558,724
559,725
560,726
561,727
562,728
563,729
564,730
565,731
566,732
567,733
568,734
569,735
570,736
571,737
572,739
573,741
574,742
575,743
576,744
577,746
578,748
579,749
580,750
581,752
582,753
583,754
584,755
585,757
586,759
587,760
588,762
589,764
590,765
591,766
592,767
593,768
594,769
595,770
596,772
597,773
598,774
599,776
600,777
601,778
602,779
603,780
604,781
605,783
606,785
607,786
608,787
609,788
610,789
611,791
612,792
613,793
614,794
615,795
616,796
617,797
618,798
619,799
620,800
621,801
622,802
623,803
624,804
625,805
626,806
627,808
628,809
629,810
630,811
631,812
632,813
633,816
634,817
635,818
636,819
637,820
638,822
639,823
640,824
641,825
642,828
643,829
644,830
645,831
646,832
647,834
648,836
649,837
650,838
651,839
652,840
653,843
654,844
655,845
656,846
657,847
658,848
659,849
660,850
661,851
662,853
663,854
664,855
665,856
666,857
667,858
668,859
669,860
670,861
671,862
672,863
673,864
674,865
675,867
676,868
677,869
678,871
679,872
680,873
681,875
682,876
683,877
684,878
685,879
686,880
687,881
688,882
689,884
690,885
691,887
692,888
693,889
694,890
695,891
696,893
697,894
698,895
699,896
700,897
701,899
702,903
703,904
704,905
705,909
706,910
707,911
708,912
709,913
710,914
711,915
712,916
713,918
714,919
715,920
716,921
717,922
718,923
719,924
720,925
721,926
722,927
723,928
724,929
725,930
726,931
727,933
728,934
729,935
730,936
731,937
732,939
733,940
734,943
735,944
736,945
737,948
738,949
739,950
740,952
741,953
742,954
743,955
744,956
745,957
746,958
747,959
748,960
749,961
750,962
751,963
752,964
753,965
754,966
755,967
756,968
757,970
758,971
759,973
760,974
761,975
762,976
763,977
764,978
765,979
766,980
767,981
768,982
769,983
770,984
771,985
772,987
773,988
774,989
775,990
776,991
777,993
778,995
779,996
780,998
781,999
782,1000
783,1001
784,1002
785,1004
786,1005
787,1006
788,1008
789,1009
790,1010
791,1012
792,1013
793,1015
794,1016
795,1017
796,1018
797,1019
798,1020
799,1021
800,1022
801,1023
802,1024
803,1026
804,1027
805,1028
806,1029
807,1030
808,1031
809,1032
810,1033
811,1034
812,1035
813,1036
814,1038
815,1040
816,1041
817,1042
818,1044
819,1047
820,1048
821,1050
822,1051
823,1052
824,1053
825,1054
826,1055
827,1056
828,1057
829,1058
830,1059
831,1060
832,1061
833,1062
834,1063
835,1064
836,1065
837,1066
838,1067
839,1068
840,1069
841,1071
842,1072
843,1073
844,1074
845,1075
846,1076
847,1077
848,1078
849,1079
850,1080
851,1082
852,1084
853,1086
854,1087
855,1088
856,1089
857,1090
858,1092
859,1093
860,1094
861,1096
862,1097
863,1099
864,1100
865,1101
866,1103
867,1104
868,1105
869,1106
870,1107
871,1108
872,1109
873,1110
874,1112
875,1113
876,1114
877,1115
878,1116
879,1117
880,1119
881,1120
882,1121
883,1122
884,1124
885,1125
886,1127
887,1128
888,1129
889,1130
890,1131
891,1132
892,1133
893,1134
894,1135
895,1136
896,1137
897,1138
898,1139
899,1140
900,1141
901,1142
902,1143
903,1145
904,1146
905,1147
906,1148
907,1149
908,1150
909,1151
910,1152
911,1153
912,1155
913,1156
914,1158
915,1159
916,1160
917,1161
918,1162
919,1163
920,1164
921,1165
922,1167
923,1168
924,1169
925,1170
926,1172
927,1173
928,1175
929,1176
930,1177
931,1179
932,1181
933,1182
934,1183
935,1184
936,1185
937,1186
938,1191
939,1193
940,1194
941,1195
942,1196
943,1198
944,1199
945,1201
946,1202
947,1203
948,1204
949,1205
950,1206
951,1207
952,1208
953,1209
954,1211
955,1212
956,1214
957,1215
958,1216
959,1217
960,1218
961,1219
962,1220
963,1221
964,1222
965,1223
966,1224
967,1227
968,1228
969,1230
970,1231
971,1232
972,1233
973,1235
974,1238
975,1239
976,1241
977,1242
978,1243
979,1244
980,1246
981,1248
982,1251
983,1252
984,1253
985,1254
986,1255
987,1257
988,1258
989,1259
990,1260
991,1261
992,1262
993,1263
994,1264
995,1265
996,1266
997,1267
998,1268
999,1271
1000,1272
1001,1273
1002,1274
1003,1276
1004,1278
1005,1279
1006,1280
1007,1281
1008,1283
1009,1284
1010,1285
1011,1286
1012,1287
1013,1288
1014,1290
1015,1291
1016,1292
1017,1293
1018,1294
1019,1295
1020,1296
1021,1297
1022,1298
1023,1299
1024,1300
1025,1301
1026,1302
1027,1303
1028,1304
1029,1306
1030,1308
1031,1311
1032,1312
1033,1314
1034,1315
1035,1317
1036,1320
1037,1321
1038,1322
1039,1323
1040,1324
1041,1325
1042,1327
1043,1328
1044,1329
1045,1330
1046,1331
1047,1333
1048,1334
1049,1335
1050,1337
1051,1338
1052,1339
1053,1340
1054,1341
1055,1342
1056,1343
1057,1344
1058,1345
1059,1347
1060,1348
1061,1349
1062,1350
1063,1352
1064,1353
1065,1354
1066,1355
1067,1356
1068,1357
1069,1358
1070,1359
1071,1360
1072,1361
1073,1362
1074,1364
1075,1365
1076,1366
1077,1367
1078,1368
1079,1369
1080,1370
1081,1371
1082,1372
1083,1373
1084,1374
1085,1375
1086,1376
1087,1377
1088,1378
1089,1380
1090,1381
1091,1383
1092,1386
1093,1387
1094,1388
1095,1389
1096,1390
1097,1391
1098,1392
1099,1393
1100,1395
1101,1396
1102,1397
1103,1399
1104,1400
1105,1401
1106,1402
1107,1403
1108,1404
1109,1405
1110,1407
1111,1408
1112,1409
1113,1410
1114,1411
1115,1413
1116,1414
1117,1415
1118,1418
1119,1419
1120,1420
1121,1421
1122,1422
1123,1423
1124,1424
1125,1425
1126,1426
1127,1427
1128,1428
1129,1430
1130,1433
1131,1434
1132,1436
1133,1437
1134,1438
1135,1440
1136,1441
1137,1442
1138,1443
1139,1446
1140,1447
1141,1448
1142,1449
1143,1450
1144,1451
1145,1455
1146,1457
1147,1458
1148,1461
1149,1463
1150,1464
1151,1465
1152,1466
1153,1467
1154,1468
1155,1470
1156,1472
1157,1473
1158,1474
1159,1475
1160,1476
1161,1480
1162,1481
1163,1482
1164,1483
1165,1484
1166,1486
1167,1487
1168,1489
1169,1490
1170,1491
1171,1492
1172,1494
1173,1495
1174,1496
1175,1497
1176,1498
1177,1499
1178,1500
1179,1501
1180,1502
1181,1503
1182,1504
1183,1505
1184,1506
1185,1507
1186,1509
1187,1511
1188,1513
1189,1514
1190,1516
1191,1517
1192,1519
1193,1521
1194,1522
1195,1523
1196,1524
1197,1525
1198,1527
1199,1528
1200,1530
1201,1532
1202,1533
1203,1538
1204,1540
1205,1542
1206,1543
1207,1544
1208,1545
1209,1546
1210,1547
1211,1548
1212,1551
1213,1552
1214,1553
1215,1555
1216,1556
1217,1557
1218,1559
1219,1560
1220,1561
1221,1563
1222,1564
1223,1565
1224,1567
1225,1569
1226,1570
1227,1571
1228,1572
1229,1574
1230,1575
1231,1576
1232,1577
1233,1579
1234,1581
1235,1583
1236,1584
1237,1585
1238,1586
1239,1587
1240,1588
1241,1589
1242,1590
1243,1591
1244,1592
1245,1593
1246,1594
1247,1595
1248,1597
1249,1598
1250,1599
1251,1600
1252,1601
1253,1602
1254,1603
1255,1605
1256,1606
1257,1607
1258,1608
1259,1609
1260,1611
1261,1613
1262,1614
1263,1616
1264,1617
1265,1618
1266,1623
1267,1624
1268,1625
1269,1626
1270,1627
1271,1628
1272,1629
1273,1630
1274,1631
1275,1632
1276,1634
1277,1635
1278,1636
1279,1637
1280,1639
1281,1640
1282,1641
1283,1642
1284,1643
1285,1644
1286,1645
1287,1646
1288,1647
1289,1648
1290,1649
1291,1650
1292,1654
1293,1655
1294,1657
1295,1658
1296,1659
1297,1660
1298,1663
1299,1665
1300,1666
1301,1667
1302,1670
1303,1671
1304,1673
1305,1675
1306,1676
1307,1677
1308,1678
1309,1679
1310,1680
1311,1681
1312,1683
1313,1684
1314,1685
1315,1687
1316,1688
1317,1689
1318,1690
1319,1691
1320,1692
1321,1693
1322,1694
1323,1695
1324,1696
1325,1697
1326,1698
1327,1699
1328,1700
1329,1701
1330,1702
1331,1705
1332,1706
1333,1707
1334,1709
1335,1710
1336,1712
1337,1714
1338,1715
1339,1716
1340,1717
1341,1720
1342,1721
1343,1722
1344,1723
1345,1724
1346,1726
1347,1727
1348,1728
1349,1729
1350,1731
1351,1733
1352,1734
1353,1735
1354,1736
1355,1737
1356,1738
1357,1739
1358,1740
1359,1741
1360,1742
1361,1743
1362,1744
1363,1745
1364,1746
1365,1747
1366,1748
1367,1749
1368,1750
1369,1752
1370,1753
1371,1755
1372,1756
1373,1757
1374,1758
1375,1759
1376,1760
1377,1761
1378,1762
1379,1764
1380,1765
1381,1767
1382,1768
1383,1769
1384,1770
1385,1773
1386,1774
1387,1775
1388,1776
1389,1777
1390,1778
1391,1779
1392,1780
1393,1781
1394,1784
1395,1785
1396,1786
1397,1789
1398,1790
1399,1791
1400,1793
1401,1794
1402,1796
1403,1797
1404,1798
1405,1799
1406,1800
1407,1802
1408,1803
1409,1804
1410,1805
1411,1806
1412,1807
1413,1809
1414,1810
1415,1812
1416,1814
1417,1816
1418,1817
1419,1818
1420,1819
1421,1820
1422,1822
1423,1824
1424,1825
1425,1826
1426,1827
1427,1828
1428,1831
1429,1832
1430,1833
1431,1834
1432,1835
1433,1836
1434,1837
1435,1839
1436,1841
1437,1842
1438,1843
1439,1845
1440,1846
1441,1847
1442,1850
1443,1851
1444,1852
1445,1853
1446,1854
1447,1855
1448,1856
1449,1857
1450,1858
1451,1859
1452,1860
1453,1861
1454,1863
1455,1865
1456,1866
1457,1867
1458,1868
1459,1869
1460,1870
1461,1871
1462,1873
1463,1874
1464,1875
1465,1877
1466,1878
1467,1879
1468,1880
1469,1881
1470,1882
1471,1883
1472,1884
1473,1885
1474,1887
1475,1889
1476,1890
1477,1891
1478,1894
1479,1895
1480,1896
1481,1897
1482,1899
1483,1900
1484,1901
1485,1902
1486,1903
1487,1904
1488,1905
1489,1908
1490,1909
1491,1910
1492,1912
1493,1913
1494,1916
1495,1917
1496,1919
1497,1920
1498,1921
1499,1922
1500,1923
1501,1924
1502,1925
1503,1926
1504,1928
1505,1930
1506,1931
1507,1932
1508,1934
1509,1935
1510,1937
1511,1938
1512,1939
1513,1940
1514,1941
1515,1942
1516,1943
1517,1944
1518,1945
1519,1946
1520,1947
1521,1948
1522,1949
1523,1950
1524,1951
1525,1952
1526,1954
1527,1955
1528,1956
1529,1957
1530,1958
1531,1959
1532,1960
1533,1961
1534,1962
1535,1963
1536,1965
1537,1966
1538,1968
1539,1969
1540,1970
1541,1972
1542,1974
1543,1975
1544,1976
1545,1977
1546,1978
1547,1980
1548,1981
1549,1982
1550,1983
1551,1984
1552,1985
1553,1987
1554,1988
1555,1992
1556,1995
1557,1996
1558,1997
1559,1998
1560,1999
1561,2000
1562,2001
1563,2002
1564,2003
1565,2004
1566,2005
1567,2006
1568,2007
1569,2008
1570,2009
1571,2010
1572,2011
1573,2012
1574,2013
1575,2014
1576,2015
1577,2016
1578,2017
1579,2018
1580,2020
1581,2021
1582,2022
1583,2023
1584,2024
1585,2025
1586,2026
1587,2027
1588,2029
1589,2030
1590,2031
1591,2032
1592,2033
1593,2035
1594,2036
1595,2038
1596,2039
1597,2040
1598,2041
1599,2042
1600,2043
1601,2046
1602,2047
1603,2050
1604,2051
1605,2054
1606,2055
1607,2056
1608,2057
1609,2058
1610,2059
1611,2060
1612,2062
1613,2063
1614,2064
1615,2067
1616,2068
1617,2069
1618,2070
1619,2071
1620,2072
1621,2073
1622,2075
1623,2076
1624,2077
1625,2078
1626,2079
1627,2081
1628,2082
1629,2083
1630,2084
1631,2085
1632,2087
1633,2088
1634,2089
1635,2090
1636,2091
1637,2092
1638,2093
1639,2094
1640,2095
1641,2096
1642,2097
1643,2098
1644,2100
1645,2101
1646,2102
1647,2103
1648,2104
1649,2105
1650,2106
1651,2109
1652,2110
1653,2112
1654,2113
1655,2114
1656,2115
1657,2116
1658,2117
1659,2118
1660,2119
1661,2120
1662,2121
1663,2122
1664,2124
1665,2125
1666,2126
1667,2127
1668,2129
1669,2130
1670,2131
1671,2132
1672,2134
1673,2136
1674,2137
1675,2138
1676,2139
1677,2140
1678,2142
1679,2143
1680,2144
1681,2145
1682,2146
1683,2147
1684,2148
1685,2149
1686,2153
1687,2154
1688,2155
1689,2156
1690,2157
1691,2158
1692,2161
1693,2162
1694,2163
1695,2164
1696,2165
1697,2166
1698,2167
1699,2168
1700,2170
1701,2171
1702,2172
1703,2173
1704,2174
1705,2175
1706,2176
1707,2177
1708,2178
1709,2179
1710,2180
1711,2181
1712,2185
1713,2186
1714,2187
1715,2188
1716,2190
1717,2192
1718,2194
1719,2195
1720,2197
1721,2198
1722,2199
1723,2200
1724,2201
1725,2202
1726,2203
1727,2205
1728,2206
1729,2208
1730,2211
1731,2212
1732,2214
1733,2215
1734,2216
1735,2219
1736,2221
1737,2222
1738,2223
1739,2225
1740,2226
1741,2227
1742,2228
1743,2230
1744,2231
1745,2232
1746,2233
1747,2235
1748,2236
1749,2237
1750,2238
1751,2239
1752,2240
1753,2241
1754,2242
1755,2243
1756,2244
1757,2245
1758,2246
1759,2247
1760,2248
1761,2249
1762,2250
1763,2251
1764,2254
1765,2255
1766,2256
1767,2258
1768,2259
1769,2261
1770,2262
1771,2263
1772,2264
1773,2265
1774,2266
1775,2267
1776,2270
1777,2271
1778,2272
1779,2273
1780,2274
1781,2276
1782,2278
1783,2279
1784,2280
1785,2281
1786,2282
1787,2283
1788,2284
1789,2285
1790,2286
1791,2288
1792,2290
1793,2291
1794,2293
1795,2294
1796,2297
1797,2298
1798,2299
1799,2300
1800,2301
1801,2302
1802,2303
1803,2304
1804,2305
1805,2306
1806,2307
1807,2308
1808,2309
1809,2310
1810,2313
1811,2315
1812,2316
1813,2317
1814,2318
1815,2319
1816,2320
1817,2321
1818,2322
1819,2323
1820,2324
1821,2326
1822,2327
1823,2328
1824,2329
1825,2330
1826,2331
1827,2332
1828,2333
1829,2334
1830,2335
1831,2337
1832,2338
1833,2340
1834,2341
1835,2342
1836,2344
1837,2346
1838,2348
1839,2349
1840,2350
1841,2351
1842,2352
1843,2353
1844,2354
1845,2355
1846,2359
1847,2361
1848,2362
1849,2365
1850,2366
1851,2367
1852,2368
1853,2370
1854,2371
1855,2372
1856,2374
1857,2376
1858,2378
1859,2380
1860,2382
1861,2383
1862,2386
1863,2387
1864,2389
1865,2390
1866,2391
1867,2392
1868,2393
1869,2394
1870,2395
1871,2397
1872,2398
1873,2400
1874,2401
1875,2402
1876,2403
1877,2404
1878,2405
1879,2406
1880,2407
1881,2408
1882,2409
1883,2410
1884,2411
1885,2414
1886,2416
1887,2418
1888,2419
1889,2420
1890,2421
1891,2423
1892,2424
1893,2425
1894,2427
1895,2428
1896,2429
1897,2430
1898,2435
1899,2436
1900,2437
1901,2438
1902,2439
1903,2444
1904,2445
1905,2446
1906,2447
1907,2448
1908,2451
1909,2452
1910,2453
1911,2454
1912,2455
1913,2456
1914,2457
1915,2458
1916,2459
1917,2460
1918,2461
1919,2462
1920,2463
1921,2465
1922,2466
1923,2468
1924,2469
1925,2472
1926,2476
1927,2477
1928,2478
1929,2480
1930,2481
1931,2483
1932,2484
1933,2485
1934,2486
1935,2489
1936,2491
1937,2492
1938,2493
1939,2496
1940,2497
1941,2498
1942,2499
1943,2500
1944,2501
1945,2503
1946,2504
1947,2506
1948,2507
1949,2508
1950,2510
1951,2513
1952,2515
1953,2517
1954,2518
1955,2519
1956,2520
1957,2521
1958,2522
1959,2523
1960,2525
1961,2526
1962,2528
1963,2529
1964,2533
1965,2535
1966,2536
1967,2537
1968,2539
1969,2540
1970,2541
1971,2544
1972,2545
1973,2546
1974,2547
1975,2548
1976,2550
1977,2551
1978,2552
1979,2554
1980,2555
1981,2556
1982,2557
1983,2558
1984,2559
1985,2560
1986,2561
1987,2562
1988,2564
1989,2565
1990,2566
1991,2567
1992,2569
1993,2570
1994,2571
1995,2572
1996,2573
1997,2575
1998,2576
1999,2577
2000,2579
2001,2580
2002,2581
2003,2583
2004,2585
2005,2586
2006,2588
2007,2589
2008,2590
2009,2591
2010,2592
2011,2593
2012,2594
2013,2595
2014,2596
2015,2597
2016,2599
2017,2600
2018,2603
2019,2604
2020,2605
2021,2606
2022,2607
2023,2608
2024,2609
2025,2610
2026,2611
2027,2612
2028,2615
2029,2616
2030,2617
2031,2619
2032,2620
2033,2621
2034,2623
2035,2624
2036,2625
2037,2627
2038,2628
2039,2629
2040,2630
2041,2631
2042,2632
2043,2634
2044,2635
2045,2636
2046,2637
2047,2638
2048,2641
2049,2642
2050,2643
2051,2645
2052,2648
2053,2649
2054,2650
2055,2651
2056,2652
2057,2654
2058,2655
2059,2656
2060,2659
2061,2660
2062,2661
2063,2662
2064,2663
2065,2664
2066,2665
2067,2666
2068,2668
2069,2669
2070,2670
2071,2672
2072,2674
2073,2675
2074,2676
2075,2678
2076,2679
2077,2680
2078,2681
2079,2682
2080,2683
2081,2684
2082,2685
2083,2688
2084,2689
2085,2691
2086,2692
2087,2693
2088,2694
2089,2695
2090,2698
2091,2699
2092,2700
2093,2701
2094,2702
2095,2703
2096,2704
2097,2712
2098,2715
2099,2718
2100,2719
2101,2723
2102,2724
2103,2726
2104,2727
2105,2728
2106,2730
2107,2731
2108,2732
2109,2733
2110,2734
2111,2736
2112,2737
2113,2738
2114,2740
2115,2742
2116,2743
2117,2744
2118,2745
2119,2746
2120,2747
2121,2748
2122,2749
2123,2750
2124,2751
2125,2752
2126,2753
2127,2754
2128,2756
2129,2757
2130,2760
2131,2761
2132,2762
2133,2764
2134,2765
2135,2766
2136,2768
2137,2769
2138,2770
2139,2771
2140,2772
2141,2773
2142,2774
2143,2776
2144,2777
2145,2778
2146,2779
2147,2780
2148,2781
2149,2782
2150,2783
2151,2784
2152,2785
2153,2786
2154,2787
2155,2788
2156,2789
2157,2790
2158,2791
2159,2792
2160,2793
2161,2794
2162,2795
2163,2796
2164,2797
2165,2798
2166,2800
2167,2801
2168,2802
2169,2803
2170,2804
2171,2805
2172,2806
2173,2807
2174,2808
2175,2809
2176,2810
2177,2811
2178,2812
2179,2814
2180,2815
2181,2817
2182,2818
2183,2820
2184,2822
2185,2823
2186,2824
2187,2825
2188,2826
2189,2828
2190,2830
2191,2832
2192,2833
2193,2837
2194,2840
2195,2841
2196,2842
2197,2844
2198,2845
2199,2846
2200,2847
2201,2848
2202,2849
2203,2850
2204,2852
2205,2853
2206,2854
2207,2855
2208,2856
2209,2857
2210,2858
2211,2859
2212,2860
2213,2861
2214,2862
2215,2863
2216,2864
2217,2865
2218,2866
2219,2868
2220,2870
2221,2872
2222,2873
2223,2874
2224,2876
2225,2877
2226,2878
2227,2880
2228,2881
2229,2882
2230,2883
2231,2885
2232,2886
2233,2887
2234,2888
2235,2889
2236,2890
2237,2891
2238,2892
2239,2894
2240,2895
2241,2896
2242,2897
2243,2898
2244,2899
2245,2900
2246,2901
2247,2903
2248,2904
2249,2905
2250,2906
2251,2907
2252,2909
2253,2910
2254,2911
2255,2912
2256,2913
2257,2914
2258,2915
2259,2916
2260,2917
2261,2918
2262,2919
2263,2921
2264,2924
2265,2926
2266,2927
2267,2928
2268,2929
2269,2931
2270,2933
2271,2934
2272,2935
2273,2936
2274,2937
2275,2938
2276,2939
2277,2941
2278,2942
2279,2943
2280,2944
2281,2945
2282,2946
2283,2947
2284,2948
2285,2949
2286,2950
2287,2951
2288,2952
2289,2953
2290,2955
2291,2957
2292,2958
2293,2959
2294,2961
2295,2962
2296,2964
2297,2966
2298,2967
2299,2968
2300,2969
2301,2970
2302,2972
2303,2973
2304,2974
2305,2975
2306,2976
2307,2978
2308,2979
2309,2980
2310,2983
2311,2985
2312,2986
2313,2987
2314,2988
2315,2989
2316,2990
2317,2991
2318,2992
2319,2993
2320,2994
2321,2995
2322,2996
2323,2997
2324,2998
2325,2999
2326,3000
2327,3001
2328,3002
2329,3003
2330,3004
2331,3005
2332,3006
2333,3007
2334,3010
2335,3011
2336,3012
2337,3013
2338,3014
2339,3016
2340,3017
2341,3018
2342,3020
2343,3022
2344,3023
2345,3024
2346,3025
2347,3026
2348,3028
2349,3029
2350,3031
2351,3032
2352,3033
2353,3035
2354,3036
2355,3037
2356,3038
2357,3039
2358,3041
2359,3042
2360,3044
2361,3045
2362,3046
2363,3047
2364,3048
2365,3049
2366,3050
2367,3051
2368,3052
2369,3053
2370,3054
2371,3055
2372,3056
2373,3057
2374,3058
2375,3059
2376,3062
2377,3063
2378,3064
2379,3065
2380,3066
2381,3067
2382,3069
2383,3072
2384,3073
2385,3074
2386,3075
2387,3077
2388,3079
2389,3080
2390,3081
2391,3082
2392,3083
2393,3084
2394,3085
2395,3086
2396,3087
2397,3088
2398,3089
2399,3090
2400,3091
2401,3092
2402,3093
2403,3094
2404,3095
2405,3096
2406,3097
2407,3098
2408,3099
2409,3100
2410,3101
2411,3105
2412,3106
2413,3107
2414,3108
2415,3109
2416,3110
2417,3111
2418,3112
2419,3113
2420,3114
2421,3116
2422,3118
2423,3119
2424,3121
2425,3123
2426,3125
2427,3126
2428,3127
2429,3128
2430,3129
2431,3130
2432,3131
2433,3134
2434,3135
2435,3136
2436,3137
2437,3138
2438,3139
2439,3140
2440,3141
2441,3142
2442,3143
2443,3145
2444,3146
2445,3147
2446,3148
2447,3150
2448,3151
2449,3153
2450,3154
2451,3155
2452,3156
2453,3157
2454,3158
2455,3159
2456,3161
2457,3162
2458,3163
2459,3166
2460,3167
2461,3169
2462,3170
2463,3171
2464,3172
2465,3173
2466,3174
2467,3175
2468,3177
2469,3178
2470,3180
2471,3182
2472,3183
2473,3184
2474,3185
2475,3189
2476,3191
2477,3192
2478,3193
2479,3195
2480,3196
2481,3197
2482,3198
2483,3199
2484,3200
2485,3201
2486,3202
2487,3203
2488,3204
2489,3205
2490,3206
2491,3207
2492,3208
2493,3209
2494,3210
2495,3211
2496,3213
2497,3216
2498,3217
2499,3218
2500,3219
2501,3220
2502,3221
2503,3223
2504,3224
2505,3226
2506,3227
2507,3228
2508,3229
2509,3230
2510,3231
2511,3232
2512,3233
2513,3237
2514,3239
2515,3240
2516,3241
2517,3242
2518,3243
2519,3245
2520,3246
2521,3248
2522,3249
2523,3250
2524,3251
2525,3253
2526,3255
2527,3256
2528,3257
2529,3258
2530,3259
2531,3260
2532,3261
2533,3262
2534,3263
2535,3265
2536,3266
2537,3267
2538,3268
2539,3269
2540,3270
2541,3271
2542,3272
2543,3274
2544,3277
2545,3278
2546,3279
2547,3280
2548,3281
2549,3283
2550,3284
2551,3285
2552,3289
2553,3290
2554,3292
2555,3293
2556,3294
2557,3295
2558,3296
2559,3297
2560,3299
2561,3300
2562,3301
2563,3302
2564,3304
2565,3305
2566,3306
2567,3308
2568,3309
2569,3310
2570,3311
2571,3312
2572,3313
2573,3314
2574,3315
2575,3316
2576,3317
2577,3318
2578,3319
2579,3320
2580,3321
2581,3322
2582,3323
2583,3327
2584,3328
2585,3329
2586,3331
2587,3332
2588,3333
2589,3334
2590,3336
2591,3337
2592,3339
2593,3340
2594,3341
2595,3342
2596,3343
2597,3344
2598,3345
2599,3346
2600,3347
2601,3348
2602,3349
2603,3350
2604,3352
2605,3353
2606,3356
2607,3357
2608,3358
2609,3359
2610,3360
2611,3361
2612,3362
2613,3363
2614,3364
2615,3365
2616,3367
2617,3368
2618,3370
2619,3371
2620,3374
2621,3377
2622,3378
2623,3380
2624,3382
2625,3383
2626,3384
2627,3386
2628,3387
2629,3389
2630,3390
2631,3391
2632,3393
2633,3394
2634,3395
2635,3398
2636,3399
2637,3400
2638,3401
2639,3402
2640,3403
2641,3406
2642,3408
2643,3409
2644,3410
2645,3411
2646,3412
2647,3413
2648,3414
2649,3415
2650,3416
2651,3417
2652,3418
2653,3419
2654,3420
2655,3422
2656,3423
2657,3424
2658,3425
2659,3426
2660,3428
2661,3430
2662,3431
2663,3432
2664,3433
2665,3434
2666,3435
2667,3436
2668,3437
2669,3438
2670,3439
2671,3441
2672,3442
2673,3444
2674,3445
2675,3447
2676,3449
2677,3450
2678,3451
2679,3452
2680,3453
2681,3454
2682,3456
2683,3457
2684,3458
2685,3460
2686,3462
2687,3464
2688,3465
2689,3467
2690,3468
2691,3469
2692,3470
2693,3471
2694,3472
2695,3473
2696,3474
2697,3475
2698,3476
2699,3477
2700,3478
2701,3479
2702,3480
2703,3481
2704,3482
2705,3483
2706,3484
2707,3485
2708,3486
2709,3487
2710,3489
2711,3490
2712,3491
2713,3492
2714,3493
2715,3497
2716,3498
2717,3499
2718,3500
2719,3501
2720,3503
2721,3504
2722,3505
2723,3506
2724,3507
2725,3509
2726,3510
2727,3511
2728,3512
2729,3513
2730,3514
2731,3515
2732,3516
2733,3517
2734,3518
2735,3519
2736,3520
2737,3521
2738,3522
2739,3524
2740,3525
2741,3526
2742,3528
2743,3529
2744,3531
2745,3532
2746,3533
2747,3534
2748,3536
2749,3537
2750,3538
2751,3539
2752,3540
2753,3543
2754,3546
2755,3547
2756,3550
2757,3551
2758,3553
2759,3555
2760,3556
2761,3557
2762,3558
2763,3559
2764,3560
2765,3561
2766,3562
2767,3563
2768,3564
2769,3565
2770,3567
2771,3568
2772,3569
2773,3571
2774,3572
2775,3574
2776,3576
2777,3577
2778,3578
2779,3579
2780,3580
2781,3582
2782,3584
2783,3585
2784,3586
2785,3587
2786,3588
2787,3589
2788,3590
2789,3591
2790,3592
2791,3593
2792,3594
2793,3596
2794,3597
2795,3599
2796,3600
2797,3601
2798,3602
2799,3603
2800,3605
2801,3607
2802,3608
2803,3609
2804,3610
2805,3611
2806,3612
2807,3613
2808,3614
2809,3615
2810,3617
2811,3618
2812,3619
2813,3620
2814,3621
2815,3622
2816,3624
2817,3625
2818,3626
2819,3629
2820,3630
2821,3631
2822,3635
2823,3637
2824,3638
2825,3639
2826,3640
2827,3641
2828,3643
2829,3644
2830,3645
2831,3646
2832,3648
2833,3649
2834,3650
2835,3651
2836,3652
2837,3653
2838,3654
2839,3656
2840,3658
2841,3659
2842,3660
2843,3661
2844,3662
2845,3663
2846,3664
2847,3665
2848,3666
2849,3667
2850,3669
2851,3670
2852,3671
2853,3672
2854,3673
2855,3674
2856,3675
2857,3676
2858,3677
2859,3678
2860,3679
2861,3680
2862,3681
2863,3682
2864,3683
2865,3684
2866,3685
2867,3686
2868,3687
2869,3688
2870,3689
2871,3690
2872,3691
2873,3692
2874,3693
2875,3694
2876,3695
2877,3696
2878,3697
2879,3698
2880,3699
2881,3700
2882,3701
2883,3702
2884,3703
2885,3704
2886,3705
2887,3706
2888,3707
2889,3709
2890,3710
2891,3711
2892,3712
2893,3713
2894,3714
2895,3715
2896,3716
2897,3717
2898,3718
2899,3720
2900,3721
2901,3724
2902,3726
2903,3727
2904,3728
2905,3729
2906,3731
2907,3732
2908,3733
2909,3734
2910,3735
2911,3736
2912,3737
2913,3740
2914,3741
2915,3742
2916,3745
2917,3746
2918,3747
2919,3749
2920,3751
2921,3752
2922,3753
2923,3754
2924,3755
2925,3756
2926,3757
2927,3758
2928,3759
2929,3760
2930,3761
2931,3762
2932,3763
2933,3766
2934,3767
2935,3768
2936,3769
2937,3770
2938,3771
2939,3772
2940,3773
2941,3774
2942,3775
2943,3776
2944,3777
2945,3778
2946,3779
2947,3780
2948,3781
2949,3782
2950,3784
2951,3786
2952,3789
2953,3790
2954,3791
2955,3792
2956,3793
2957,3794
2958,3796
2959,3799
2960,3800
2961,3801
2962,3804
2963,3806
2964,3807
2965,3808
2966,3809
2967,3810
2968,3811
2969,3812
2970,3813
2971,3815
2972,3816
2973,3817
2974,3818
2975,3819
2976,3820
2977,3821
2978,3822
2979,3823
2980,3824
2981,3825
2982,3827
2983,3828
2984,3829
2985,3830
2986,3831
2987,3832
2988,3833
2989,3834
2990,3835
2991,3836
2992,3837
2993,3839
2994,3840
2995,3841
2996,3842
2997,3843
2998,3844
2999,3845
3000,3846
3001,3847
3002,3848
3003,3849
3004,3850
3005,3851
3006,3852
3007,3853
3008,3854
3009,3855
3010,3856
3011,3857
3012,3858
3013,3859
3014,3860
3015,3861
3016,3864
3017,3865
3018,3866
3019,3867
3020,3868
3021,3869
3022,3871
3023,3872
3024,3873
3025,3874
3026,3876
3027,3878
3028,3879
3029,3880
3030,3881
3031,3882
3032,3884
3033,3885
3034,3886
3035,3887
3036,3888
3037,3889
3038,3890
3039,3891
3040,3892
3041,3893
3042,3894
3043,3895
3044,3896
3045,3898
3046,3899
3047,3900
3048,3901
3049,3902
3050,3903
3051,3904
3052,3905
3053,3906
3054,3907
3055,3908
3056,3909
3057,3910
3058,3912
3059,3913
3060,3914
3061,3916
3062,3917
3063,3919
3064,3920
3065,3921
3066,3922
3067,3923
3068,3924
3069,3925
3070,3926
3071,3927
3072,3929
3073,3930
3074,3931
3075,3934
3076,3935
3077,3937
3078,3938
3079,3940
3080,3941
3081,3942
3082,3943
3083,3944
3084,3945
3085,3946
3086,3947
3087,3948
3088,3949
3089,3950
3090,3951
3091,3952
3092,3953
3093,3954
3094,3955
3095,3957
3096,3958
3097,3961
3098,3962
3099,3963
3100,3964
3101,3965
3102,3966
3103,3967
3104,3968
3105,3970
3106,3971
3107,3973
3108,3974
3109,3975
3110,3976
3111,3978
3112,3979
3113,3980
3114,3981
3115,3982
3116,3983
3117,3984
3118,3985
3119,3986
3120,3987
3121,3988
3122,3989
3123,3990
3124,3991
3125,3992
3126,3993
3127,3994
3128,3995
3129,3996
3130,3997
3131,3998
3132,3999
3133,4000
3134,4001
3135,4002
3136,4003
3137,4004
3138,4005
3139,4006
3140,4007
3141,4009
3142,4011
3143,4012
3144,4013
3145,4014
3146,4015
3147,4016
3148,4018
3149,4020
3150,4021
3151,4022
3152,4023
3153,4024
3154,4026
3155,4027
3156,4028
3157,4029
3158,4030
3159,4031
3160,4032
3161,4033
3162,4034
3163,4035
3164,4036
3165,4037
3166,4039
3167,4040
3168,4041
3169,4042
3170,4043
3171,4044
3172,4045
3173,4047
3174,4048
3175,4049
3176,4050
3177,4051
3178,4053
3179,4054
3180,4055
3181,4058
3182,4059
3183,4060
3184,4062
3185,4063
3186,4064
3187,4066
3188,4067
3189,4070
3190,4071
3191,4072
3192,4075
3193,4076
3194,4077
3195,4078
3196,4079
3197,4080
3198,4081
3199,4082
3200,4083
3201,4084
3202,4085
3203,4086
3204,4087
3205,4088
3206,4089
3207,4090
3208,4091
3209,4092
3210,4093
3211,4094
3212,4095
3213,4096
3214,4098
3215,4099
3216,4101
3217,4102
3218,4103
3219,4104
3220,4105
3221,4107
3222,4111
3223,4112
3224,4114
3225,4115
3226,4116
3227,4117
3228,4118
3229,4119
3230,4120
3231,4121
3232,4122
3233,4123
3234,4124
3235,4125
3236,4126
3237,4127
3238,4128
3239,4130
3240,4131
3241,4132
3242,4133
3243,4134
3244,4135
3245,4137
3246,4138
3247,4139
3248,4140
3249,4141
3250,4144
3251,4147
3252,4148
3253,4149
3254,4150
3255,4152
3256,4153
3257,4155
3258,4156
3259,4157
3260,4160
3261,4161
3262,4162
3263,4165
3264,4167
3265,4168
3266,4169
3267,4170
3268,4171
3269,4172
3270,4173
3271,4174
3272,4175
3273,4177
3274,4179
3275,4180
3276,4181
3277,4182
3278,4183
3279,4185
3280,4186
3281,4187
3282,4188
3283,4190
3284,4193
3285,4194
3286,4195
3287,4198
3288,4199
3289,4200
3290,4203
3291,4204
3292,4205
3293,4206
3294,4207
3295,4208
3296,4210
3297,4212
3298,4213
3299,4215
3300,4217
3301,4218
3302,4219
3303,4220
3304,4221
3305,4222
3306,4223
3307,4224
3308,4225
3309,4227
3310,4229
3311,4231
3312,4232
3313,4233
3314,4234
3315,4235
3316,4236
3317,4237
3318,4238
3319,4239
3320,4240
3321,4241
3322,4242
3323,4243
3324,4245
3325,4247
3326,4248
3327,4249
3328,4250
3329,4251
3330,4252
3331,4253
3332,4255
3333,4257
3334,4258
3335,4260
3336,4261
3337,4265
3338,4266
3339,4268
3340,4269
3341,4271
3342,4272
3343,4274
3344,4276
3345,4277
3346,4279
3347,4280
3348,4281
3349,4283
3350,4284
3351,4285
3352,4286
3353,4287
3354,4289
3355,4290
3356,4291
3357,4292
3358,4293
3359,4294
3360,4295
3361,4296
3362,4297
3363,4298
3364,4299
3365,4300
3366,4301
3367,4302
3368,4303
3369,4305
3370,4306
3371,4308
3372,4309
3373,4310
3374,4311
3375,4312
3376,4313
3377,4315
3378,4317
3379,4318
3380,4319
3381,4320
3382,4321
3383,4322
3384,4323
3385,4326
3386,4327
3387,4328
3388,4329
3389,4330
3390,4333
3391,4334
3392,4335
3393,4336
3394,4337
3395,4339
3396,4342
3397,4343
3398,4344
3399,4345
3400,4346
3401,4347
3402,4350
3403,4351
3404,4352
3405,4353
3406,4354
3407,4355
3408,4356
3409,4357
3410,4359
3411,4360
3412,4361
3413,4362
3414,4363
3415,4364
3416,4367
3417,4368
3418,4369
3419,4370
3420,4371
3421,4373
3422,4374
3423,4375
3424,4376
3425,4377
3426,4378
3427,4379
3428,4380
3429,4381
3430,4382
3431,4384
3432,4386
3433,4387
3434,4388
3435,4389
3436,4390
3437,4397
3438,4401
3439,4403
3440,4404
3441,4405
3442,4406
3443,4407
3444,4408
3445,4409
3446,4411
3447,4412
3448,4414
3449,4415
3450,4416
3451,4417
3452,4418
3453,4420
3454,4422
3455,4423
3456,4425
3457,4426
3458,4428
3459,4429
3460,4430
3461,4431
3462,4432
3463,4433
3464,4434
3465,4435
3466,4436
3467,4437
3468,4438
3469,4439
3470,4440
3471,4442
3472,4443
3473,4444
3474,4445
3475,4446
3476,4447
3477,4448
3478,4449
3479,4450
3480,4451
3481,4452
3482,4453
3483,4454
3484,4455
3485,4456
3486,4457
3487,4458
3488,4459
3489,4460
3490,4461
3491,4465
3492,4466
3493,4467
3494,4468
3495,4470
3496,4471
3497,4472
3498,4473
3499,4475
3500,4476
3501,4477
3502,4478
3503,4479
3504,4480
3505,4481
3506,4482
3507,4483
3508,4484
3509,4485
3510,4487
3511,4488
3512,4489
3513,4490
3514,4491
3515,4493
3516,4494
3517,4496
3518,4497
3519,4498
3520,4499
3521,4501
3522,4502
3523,4505
3524,4506
3525,4507
3526,4508
3527,4509
3528,4510
3529,4511
3530,4512
3531,4514
3532,4516
3533,4517
3534,4518
3535,4519
3536,4520
3537,4521
3538,4522
3539,4523
3540,4524
3541,4526
3542,4528
3543,4529
3544,4530
3545,4531
3546,4532
3547,4533
3548,4534
3549,4535
3550,4539
3551,4540
3552,4541
3553,4543
3554,4544
3555,4546
3556,4551
3557,4552
3558,4553
3559,4555
3560,4556
3561,4557
3562,4559
3563,4560
3564,4561
3565,4562
3566,4563
3567,4566
3568,4567
3569,4568
3570,4569
3571,4571
3572,4572
3573,4573
3574,4574
3575,4575
3576,4577
3577,4578
3578,4579
3579,4580
3580,4581
3581,4582
3582,4584
3583,4585
3584,4586
3585,4587
3586,4588
3587,4589
3588,4590
3589,4591
3590,4592
3591,4593
3592,4595
3593,4596
3594,4598
3595,4599
3596,4600
3597,4601
3598,4602
3599,4604
3600,4605
3601,4606
3602,4607
3603,4608
3604,4609
3605,4610
3606,4611
3607,4612
3608,4613
3609,4615
3610,4617
3611,4618
3612,4619
3613,4620
3614,4621
3615,4624
3616,4625
3617,4626
3618,4627
3619,4631
3620,4632
3621,4633
3622,4634
3623,4635
3624,4637
3625,4639
3626,4640
3627,4641
3628,4643
3629,4644
3630,4645
3631,4647
3632,4650
3633,4652
3634,4653
3635,4654
3636,4655
3637,4656
3638,4658
3639,4659
3640,4660
3641,4661
3642,4662
3643,4663
3644,4666
3645,4669
3646,4670
3647,4671
3648,4673
3649,4674
3650,4675
3651,4678
3652,4679
3653,4680
3654,4681
3655,4682
3656,4683
3657,4684
3658,4685
3659,4686
3660,4687
3661,4688
3662,4689
3663,4690
3664,4691
3665,4693
3666,4694
3667,4697
3668,4699
3669,4700
3670,4701
3671,4702
3672,4704
3673,4705
3674,4706
3675,4707
3676,4708
3677,4709
3678,4711
3679,4713
3680,4714
3681,4715
3682,4716
3683,4717
3684,4718
3685,4720
3686,4721
3687,4725
3688,4726
3689,4727
3690,4728
3691,4729
3692,4731
3693,4732
3694,4733
3695,4734
3696,4735
3697,4736
3698,4737
3699,4738
3700,4739
3701,4740
3702,4742
3703,4744
3704,4745
3705,4746
3706,4747
3707,4748
3708,4750
3709,4753
3710,4754
3711,4757
3712,4759
3713,4760
3714,4762
3715,4763
3716,4764
3717,4765
3718,4766
3719,4767
3720,4768
3721,4769
3722,4771
3723,4772
3724,4773
3725,4774
3726,4779
3727,4780
3728,4781
3729,4782
3730,4783
3731,4784
3732,4785
3733,4786
3734,4788
3735,4789
3736,4790
3737,4791
3738,4793
3739,4794
3740,4795
3741,4796
3742,4797
3743,4798
3744,4799
3745,4800
3746,4801
3747,4802
3748,4804
3749,4806
3750,4807
3751,4808
3752,4809
3753,4810
3754,4811
3755,4812
3756,4813
3757,4814
3758,4815
3759,4816
3760,4817
3761,4818
3762,4819
3763,4821
3764,4823
3765,4824
3766,4825
3767,4826
3768,4827
3769,4828
3770,4829
3771,4830
3772,4831
3773,4832
3774,4833
3775,4834
3776,4835
3777,4836
3778,4837
3779,4840
3780,4841
3781,4842
3782,4843
3783,4845
3784,4847
3785,4848
3786,4849
3787,4852
3788,4854
3789,4855
3790,4856
3791,4857
3792,4858
3793,4859
3794,4860
3795,4861
3796,4862
3797,4865
3798,4866
3799,4867
3800,4868
3801,4869
3802,4870
3803,4872
3804,4875
3805,4877
3806,4878
3807,4879
3808,4882
3809,4883
3810,4884
3811,4886
3812,4887
3813,4888
3814,4889
3815,4890
3816,4892
3817,4893
3818,4894
3819,4895
3820,4896
3821,4897
3822,4898
3823,4899
3824,4901
3825,4902
3826,4903
3827,4904
3828,4905
3829,4906
3830,4907
3831,4908
3832,4909
3833,4910
3834,4911
3835,4913
3836,4914
3837,4915
3838,4916
3839,4917
3840,4918
3841,4920
3842,4921
3843,4922
3844,4924
3845,4925
3846,4927
3847,4928
3848,4929
3849,4930
3850,4931
3851,4932
3852,4933
3853,4934
3854,4936
3855,4937
3856,4939
3857,4940
3858,4942
3859,4945
3860,4946
3861,4947
3862,4948
3863,4950
3864,4951
3865,4952
3866,4953
3867,4954
3868,4956
3869,4957
3870,4958
3871,4959
3872,4960
3873,4961
3874,4962
3875,4963
3876,4964
3877,4965
3878,4966
3879,4967
3880,4972
3881,4973
3882,4975
3883,4976
3884,4977
3885,4978
3886,4979
3887,4980
3888,4981
3889,4983
3890,4984
3891,4985
3892,4987
3893,4989
3894,4990
3895,4993
3896,4994
3897,4995
3898,4997
3899,4998
3900,4999
3901,5000
3902,5001
3903,5002
3904,5004
3905,5005
3906,5006
3907,5008
3908,5009
3909,5010
3910,5011
3911,5013
3912,5014
3913,5015
3914,5016
3915,5018
3916,5019
3917,5020
3918,5021
3919,5023
3920,5024
3921,5025
3922,5026
3923,5029
3924,5031
3925,5032
3926,5033
3927,5034
3928,5035
3929,5036
3930,5037
3931,5038
3932,5039
3933,5040
3934,5041
3935,5042
3936,5044
3937,5046
3938,5047
3939,5048
3940,5049
3941,5050
3942,5053
3943,5054
3944,5055
3945,5056
3946,5057
3947,5058
3948,5059
3949,5060
3950,5061
3951,5063
3952,5064
3953,5065
3954,5070
3955,5071
3956,5072
3957,5074
3958,5075
3959,5076
3960,5077
3961,5078
3962,5079
3963,5080
3964,5081
3965,5082
3966,5083
3967,5084
3968,5085
3969,5086
3970,5087
3971,5090
3972,5091
3973,5092
3974,5093
3975,5094
3976,5095
3977,5096
3978,5097
3979,5098
3980,5099
3981,5100
3982,5101
3983,5102
3984,5103
3985,5104
3986,5105
3987,5106
3988,5107
3989,5108
3990,5109
3991,5111
3992,5112
3993,5113
3994,5114
3995,5118
3996,5120
3997,5121
3998,5123
3999,5124
4000,5126
4001,5127
4002,5128
4003,5129
4004,5131
4005,5132
4006,5133
4007,5134
4008,5135
4009,5136
4010,5137
4011,5138
4012,5139
4013,5140
4014,5141
4015,5142
4016,5143
4017,5148
4018,5151
4019,5153
4020,5156
4021,5157
4022,5158
4023,5161
4024,5163
4025,5164
4026,5165
4027,5166
4028,5167
4029,5169
4030,5170
4031,5172
4032,5173
4033,5176
4034,5177
4035,5178
4036,5180
4037,5181
4038,5182
4039,5183
4040,5184
4041,5185
4042,5186
4043,5187
4044,5188
4045,5189
4046,5190
4047,5193
4048,5194
4049,5195
4050,5196
4051,5197
4052,5198
4053,5200
4054,5201
4055,5204
4056,5205
4057,5208
4058,5209
4059,5210
4060,5211
4061,5212
4062,5217
4063,5218
4064,5219
4065,5220
4066,5222
4067,5223
4068,5225
4069,5226
4070,5227
4071,5229
4072,5230
4073,5232
4074,5233
4075,5234
4076,5236
4077,5237
4078,5239
4079,5241
4080,5242
4081,5246
4082,5248
4083,5249
4084,5250
4085,5251
4086,5252
4087,5253
4088,5254
4089,5255
4090,5256
4091,5257
4092,5260
4093,5261
4094,5262
4095,5263
4096,5264
4097,5265
4098,5267
4099,5268
4100,5269
4101,5270
4102,5271
4103,5272
4104,5273
4105,5275
4106,5276
4107,5277
4108,5278
4109,5279
4110,5281
4111,5282
4112,5283
4113,5284
4114,5285
4115,5286
4116,5287
4117,5288
4118,5289
4119,5291
4120,5293
4121,5294
4122,5296
4123,5298
4124,5299
4125,5300
4126,5301
4127,5302
4128,5303
4129,5305
4130,5306
4131,5307
4132,5308
4133,5310
4134,5311
4135,5312
4136,5313
4137,5317
4138,5318
4139,5319
4140,5321
4141,5322
4142,5323
4143,5324
4144,5325
4145,5326
4146,5327
4147,5328
4148,5329
4149,5330
4150,5331
4151,5332
4152,5333
4153,5334
4154,5335
4155,5336
4156,5337
4157,5338
4158,5339
4159,5340
4160,5341
4161,5342
4162,5344
4163,5345
4164,5346
4165,5347
4166,5348
4167,5349
4168,5350
4169,5352
4170,5353
4171,5354
4172,5355
4173,5356
4174,5357
4175,5359
4176,5361
4177,5362
4178,5363
4179,5364
4180,5365
4181,5366
4182,5367
4183,5368
4184,5369
4185,5371
4186,5374
4187,5376
4188,5377
4189,5378
4190,5382
4191,5384
4192,5385
4193,5386
4194,5387
4195,5389
4196,5390
4197,5393
4198,5394
4199,5395
4200,5396
4201,5397
4202,5399
4203,5401
4204,5402
4205,5403
4206,5404
4207,5405
4208,5406
4209,5408
4210,5410
4211,5412
4212,5413
4213,5414
4214,5415
4215,5416
4216,5417
4217,5418
4218,5419
4219,5420
4220,5421
4221,5422
4222,5423
4223,5424
4224,5425
4225,5426
4226,5427
4227,5428
4228,5429
4229,5430
4230,5431
4231,5432
4232,5433
4233,5434
4234,5435
4235,5437
4236,5438
4237,5441
4238,5442
4239,5443
4240,5445
4241,5446
4242,5447
4243,5448
4244,5449
4245,5450
4246,5451
4247,5452
4248,5453
4249,5454
4250,5455
4251,5456
4252,5457
4253,5458
4254,5459
4255,5460
4256,5461
4257,5463
4258,5464
4259,5466
4260,5468
4261,5469
4262,5470
4263,5472
4264,5473
4265,5474
4266,5475
4267,5479
4268,5480
4269,5481
4270,5482
4271,5483
4272,5484
4273,5485
4274,5486
4275,5487
4276,5488
4277,5489
4278,5490
4279,5491
4280,5492
4281,5493
4282,5494
4283,5496
4284,5497
4285,5498
4286,5499
4287,5500
4288,5501
4289,5502
4290,5503
4291,5504
4292,5505
4293,5506
4294,5507
4295,5508
4296,5509
4297,5510
4298,5511
4299,5512
4300,5513
4301,5514
4302,5515
4303,5516
4304,5517
4305,5518
4306,5519
4307,5520
4308,5521
4309,5522
4310,5523
4311,5524
4312,5526
4313,5528
4314,5530
4315,5531
4316,5532
4317,5534
4318,5535
4319,5536
4320,5537
4321,5538
4322,5539
4323,5540
4324,5542
4325,5543
4326,5544
4327,5545
4328,5547
4329,5548
4330,5550
4331,5551
4332,5552
4333,5553
4334,5554
4335,5555
4336,5556
4337,5557
4338,5558
4339,5560
4340,5561
4341,5562
4342,5564
4343,5565
4344,5566
4345,5567
4346,5568
4347,5569
4348,5570
4349,5571
4350,5572
4351,5573
4352,5574
4353,5575
4354,5576
4355,5578
4356,5580
4357,5582
4358,5583
4359,5584
4360,5585
4361,5587
4362,5591
4363,5592
4364,5593
4365,5594
4366,5595
4367,5596
4368,5597
4369,5598
4370,5599
4371,5600
4372,5601
4373,5602
4374,5603
4375,5604
4376,5605
4377,5607
4378,5609
4379,5610
4380,5613
4381,5614
4382,5615
4383,5616
4384,5617
4385,5618
4386,5619
4387,5620
4388,5621
4389,5622
4390,5623
4391,5624
4392,5625
4393,5626
4394,5627
4395,5629
4396,5630
4397,5631
4398,5632
4399,5634
4400,5636
4401,5637
4402,5638
4403,5639
4404,5641
4405,5642
4406,5643
4407,5644
4408,5645
4409,5646
4410,5647
4411,5648
4412,5649
4413,5650
4414,5652
4415,5653
4416,5654
4417,5655
4418,5657
4419,5658
4420,5659
4421,5661
4422,5662
4423,5663
4424,5664
4425,5665
4426,5667
4427,5668
4428,5669
4429,5670
4430,5671
4431,5673
4432,5674
4433,5675
4434,5676
4435,5677
4436,5678
4437,5679
4438,5680
4439,5682
4440,5683
4441,5684
4442,5685
4443,5686
4444,5687
4445,5688
4446,5689
4447,5691
4448,5692
4449,5693
4450,5698
4451,5699
4452,5701
4453,5702
4454,5703
4455,5704
4456,5705
4457,5706
4458,5707
4459,5708
4460,5709
4461,5710
4462,5711
4463,5712
4464,5714
4465,5715
4466,5716
4467,5717
4468,5718
4469,5720
4470,5721
4471,5722
4472,5723
4473,5724
4474,5726
4475,5727
4476,5728
4477,5729
4478,5730
4479,5731
4480,5732
4481,5733
4482,5734
4483,5736
4484,5737
4485,5738
4486,5739
4487,5740
4488,5741
4489,5742
4490,5744
4491,5745
4492,5746
4493,5747
4494,5748
4495,5749
4496,5750
4497,5751
4498,5752
4499,5753
4500,5754
4501,5755
4502,5757
4503,5758
4504,5759
4505,5761
4506,5762
4507,5763
4508,5764
4509,5765
4510,5766
4511,5767
4512,5768
4513,5769
4514,5770
4515,5771
4516,5774
4517,5775
4518,5776
4519,5777
4520,5778
4521,5779
4522,5780
4523,5782
4524,5785
4525,5786
4526,5787
4527,5788
4528,5789
4529,5790
4530,5791
4531,5792
4532,5794
4533,5795
4534,5797
4535,5798
4536,5801
4537,5802
4538,5803
4539,5805
4540,5806
4541,5807
4542,5808
4543,5809
4544,5811
4545,5812
4546,5813
4547,5815
4548,5820
4549,5821
4550,5822
4551,5823
4552,5824
4553,5825
4554,5826
4555,5827
4556,5829
4557,5830
4558,5831
4559,5832
4560,5833
4561,5836
4562,5837
4563,5838
4564,5840
4565,5841
4566,5842
4567,5843
4568,5844
4569,5845
4570,5846
4571,5847
4572,5848
4573,5849
4574,5850
4575,5851
4576,5852
4577,5853
4578,5854
4579,5855
4580,5856
4581,5857
4582,5858
4583,5860
4584,5861
4585,5862
4586,5865
4587,5868
4588,5869
4589,5871
4590,5872
4591,5874
4592,5875
4593,5878
4594,5879
4595,5880
4596,5881
4597,5882
4598,5884
4599,5885
4600,5886
4601,5887
4602,5888
4603,5889
4604,5890
4605,5891
4606,5892
4607,5893
4608,5894
4609,5895
4610,5896
4611,5897
4612,5900
4613,5902
4614,5903
4615,5905
4616,5906
4617,5907
4618,5908
4619,5910
4620,5911
4621,5912
4622,5913
4623,5915
4624,5916
4625,5917
4626,5920
4627,5921
4628,5922
4629,5924
4630,5925
4631,5926
4632,5927
4633,5928
4634,5929
4635,5930
4636,5931
4637,5933
4638,5937
4639,5938
4640,5939
4641,5940
4642,5942
4643,5943
4644,5946
4645,5947
4646,5948
4647,5949
4648,5950
4649,5951
4650,5952
4651,5953
4652,5954
4653,5955
4654,5956
4655,5957
4656,5958
4657,5959
4658,5960
4659,5961
4660,5963
4661,5964
4662,5966
4663,5969
4664,5970
4665,5971
4666,5972
4667,5974
4668,5975
4669,5976
4670,5977
4671,5978
4672,5980
4673,5981
4674,5982
4675,5985
4676,5986
4677,5987
4678,5988
4679,5989
4680,5990
4681,5991
4682,5992
4683,5994
4684,5995
4685,5996
4686,5997
4687,5998
4688,6000
4689,6001
4690,6002
4691,6003
4692,6004
4693,6005
4694,6006
4695,6007
4696,6009
4697,6010
4698,6011
4699,6013
4700,6014
4701,6015
4702,6016
4703,6018
4704,6019
4705,6020
4706,6021
4707,6022
4708,6023
4709,6024
4710,6025
4711,6026
4712,6028
4713,6030
4714,6031
4715,6032
4716,6033
4717,6035
4718,6036
4719,6037
4720,6039
4721,6040
