run_key,space_name,dimensions,preprocessing,metric,min_samples,eps_percentile,eps,n_points,n_clusters,noise_count,noise_share,clustered_count,clustered_share,largest_cluster_size,largest_cluster_share_all,largest_cluster_share_clustered,smallest_cluster_size,median_cluster_size,mean_cluster_size
item_run_0848,item_standardized_l2_cosine,64,standardized_l2,cosine,128,50.0,0.458662,3250,2,686,0.21107692307692308,2564,0.788923076923077,1310,0.40307692307692305,0.5109204368174727,1254,1282.0,1282.0
item_run_0544,item_pca30_l2_cosine,30,pca30_l2,cosine,60,50.0,0.330948,3250,2,814,0.25046153846153846,2436,0.7495384615384615,1245,0.3830769230769231,0.5110837438423645,1191,1218.0,1218.0
item_run_0829,item_standardized_l2_cosine,64,standardized_l2,cosine,65,50.0,0.422802,3250,2,857,0.26369230769230767,2393,0.7363076923076923,1231,0.37876923076923075,0.5144170497283744,1162,1196.5,1196.5
item_run_0316,item_pca20_l2_cosine,20,pca20_l2,cosine,40,50.0,0.252514,3250,2,887,0.27292307692307693,2363,0.7270769230769231,1204,0.37046153846153845,0.5095217943292425,1159,1181.5,1181.5
item_run_0847,item_standardized_l2_cosine,64,standardized_l2,cosine,128,45.0,0.428886,3250,2,889,0.27353846153846156,2361,0.7264615384615385,1224,0.37661538461538463,0.5184243964421855,1137,1180.5,1180.5
item_run_0525,item_pca30_l2_cosine,30,pca30_l2,cosine,31,50.0,0.301478,3250,2,959,0.29507692307692307,2291,0.7049230769230769,1186,0.3649230769230769,0.5176778699257966,1105,1145.5,1145.5
item_run_0810,item_standardized_l2_cosine,64,standardized_l2,cosine,33,50.0,0.395593,3250,2,994,0.3058461538461538,2256,0.6941538461538461,1178,0.36246153846153845,0.5221631205673759,1078,1128.0,1128.0
item_run_0126,item_pca10_l2_cosine,10,pca10_l2,cosine,20,50.0,0.125976,3250,2,1002,0.3083076923076923,2248,0.6916923076923077,1153,0.3547692307692308,0.5129003558718861,1095,1124.0,1124.0
item_run_0067,item_l2_cosine,64,l2,cosine,128,40.0,0.419038,3250,2,1022,0.31446153846153846,2228,0.6855384615384615,1488,0.45784615384615385,0.6678635547576302,740,1114.0,1114.0
item_run_0543,item_pca30_l2_cosine,30,pca30_l2,cosine,60,45.0,0.302751,3250,2,1039,0.3196923076923077,2211,0.6803076923076923,1150,0.35384615384615387,0.5201266395296246,1061,1105.5,1105.5
item_run_0828,item_standardized_l2_cosine,64,standardized_l2,cosine,65,45.0,0.395521,3250,2,1047,0.3221538461538462,2203,0.6778461538461539,1161,0.35723076923076924,0.5270086246028144,1042,1101.5,1101.5
item_run_0315,item_pca20_l2_cosine,20,pca20_l2,cosine,40,45.0,0.229078,3250,2,1101,0.33876923076923077,2149,0.6612307692307692,1121,0.34492307692307694,0.5216379711493718,1028,1074.5,1074.5
item_run_0846,item_standardized_l2_cosine,64,standardized_l2,cosine,128,40.0,0.394195,3250,2,1102,0.33907692307692305,2148,0.660923076923077,1134,0.34892307692307695,0.5279329608938548,1014,1074.0,1074.0
item_run_0107,item_pca10_l2_cosine,10,pca10_l2,cosine,11,50.0,0.1058,3250,2,1116,0.3433846153846154,2134,0.6566153846153846,1108,0.34092307692307694,0.5192127460168697,1026,1067.0,1067.0
item_run_0524,item_pca30_l2_cosine,30,pca30_l2,cosine,31,45.0,0.276159,3250,2,1158,0.3563076923076923,2092,0.6436923076923077,1102,0.33907692307692305,0.5267686424474187,990,1046.0,1046.0
item_run_0125,item_pca10_l2_cosine,10,pca10_l2,cosine,20,45.0,0.110731,3250,2,1200,0.36923076923076925,2050,0.6307692307692307,1072,0.32984615384615384,0.5229268292682927,978,1025.0,1025.0
item_run_0809,item_standardized_l2_cosine,64,standardized_l2,cosine,33,45.0,0.366805,3250,2,1207,0.37138461538461537,2043,0.6286153846153846,1094,0.3366153846153846,0.5354870288790994,949,1021.5,1021.5
item_run_0296,item_pca20_l2_cosine,20,pca20_l2,cosine,21,45.0,0.205859,3250,2,1208,0.3716923076923077,2042,0.6283076923076923,1086,0.33415384615384613,0.5318315377081293,956,1021.0,1021.0
item_run_0048,item_l2_cosine,64,l2,cosine,65,40.0,0.378057,3250,2,1214,0.37353846153846154,2036,0.6264615384615385,1390,0.4276923076923077,0.6827111984282908,646,1018.0,1018.0
item_run_0542,item_pca30_l2_cosine,30,pca30_l2,cosine,60,40.0,0.275326,3250,2,1233,0.3793846153846154,2017,0.6206153846153846,1069,0.32892307692307693,0.5299950421417947,948,1008.5,1008.5
item_run_0688,item_pca30_standardized_l2_cosine,30,pca30_standardized_l2,cosine,60,10.0,0.581073,3250,2,1237,0.38061538461538463,2013,0.6193846153846154,1743,0.5363076923076923,0.8658718330849479,270,1006.5,1006.5
item_run_0314,item_pca20_l2_cosine,20,pca20_l2,cosine,40,40.0,0.20647,3250,2,1283,0.39476923076923076,1967,0.6052307692307692,1055,0.32461538461538464,0.5363497712252161,912,983.5,983.5
item_run_0827,item_standardized_l2_cosine,64,standardized_l2,cosine,65,40.0,0.360078,3250,2,1291,0.3972307692307692,1959,0.6027692307692307,1058,0.32553846153846155,0.5400714650331802,901,979.5,979.5
item_run_0066,item_l2_cosine,64,l2,cosine,128,35.0,0.380139,3250,2,1293,0.39784615384615385,1957,0.6021538461538462,1367,0.4206153846153846,0.6985181400102197,590,978.5,978.5
item_run_0106,item_pca10_l2_cosine,10,pca10_l2,cosine,11,45.0,0.094493,3250,2,1308,0.4024615384615385,1942,0.5975384615384616,1025,0.3153846153846154,0.527806385169928,917,971.0,971.0
item_run_0505,item_pca30_l2_cosine,30,pca30_l2,cosine,16,45.0,0.252073,3250,2,1308,0.4024615384615385,1942,0.5975384615384616,1052,0.32369230769230767,0.5417095777548918,890,971.0,971.0
item_run_0845,item_standardized_l2_cosine,64,standardized_l2,cosine,128,35.0,0.363612,3250,2,1328,0.4086153846153846,1922,0.5913846153846154,1044,0.3212307692307692,0.5431841831425598,878,961.0,961.0
item_run_0277,item_pca20_l2_cosine,20,pca20_l2,cosine,11,45.0,0.185317,3250,2,1338,0.4116923076923077,1912,0.5883076923076923,1033,0.31784615384615383,0.5402719665271967,879,956.0,956.0
item_run_0029,item_l2_cosine,64,l2,cosine,33,40.0,0.34634,3250,2,1342,0.41292307692307695,1908,0.587076923076923,1324,0.4073846153846154,0.6939203354297694,584,954.0,954.0
item_run_0523,item_pca30_l2_cosine,30,pca30_l2,cosine,31,40.0,0.249614,3250,2,1390,0.4276923076923077,1860,0.5723076923076923,1017,0.3129230769230769,0.5467741935483871,843,930.0,930.0
item_run_0124,item_pca10_l2_cosine,10,pca10_l2,cosine,20,40.0,0.098481,3250,2,1410,0.4338461538461538,1840,0.5661538461538461,1000,0.3076923076923077,0.5434782608695652,840,920.0,920.0
item_run_0295,item_pca20_l2_cosine,20,pca20_l2,cosine,21,40.0,0.184184,3250,2,1416,0.4356923076923077,1834,0.5643076923076923,1001,0.308,0.5458015267175572,833,917.0,917.0
item_run_0808,item_standardized_l2_cosine,64,standardized_l2,cosine,33,40.0,0.334184,3250,2,1423,0.43784615384615383,1827,0.5621538461538461,1011,0.3110769230769231,0.5533661740558292,816,913.5,913.5
item_run_0541,item_pca30_l2_cosine,30,pca30_l2,cosine,60,35.0,0.249234,3250,2,1451,0.44646153846153847,1799,0.5535384615384615,1000,0.3076923076923077,0.5558643690939411,799,899.5,899.5
item_run_0047,item_l2_cosine,64,l2,cosine,65,35.0,0.339957,3250,2,1470,0.4523076923076923,1780,0.5476923076923077,1271,0.3910769230769231,0.7140449438202248,509,890.0,890.0
item_run_0826,item_standardized_l2_cosine,64,standardized_l2,cosine,65,35.0,0.330443,3250,2,1484,0.4566153846153846,1766,0.5433846153846154,987,0.3036923076923077,0.5588901472253681,779,883.0,883.0
item_run_0105,item_pca10_l2_cosine,10,pca10_l2,cosine,11,40.0,0.084055,3250,2,1491,0.45876923076923076,1759,0.5412307692307692,959,0.29507692307692307,0.5451961341671404,800,879.5,879.5
item_run_0313,item_pca20_l2_cosine,20,pca20_l2,cosine,40,35.0,0.185665,3250,2,1498,0.46092307692307694,1752,0.5390769230769231,967,0.29753846153846153,0.5519406392694064,785,876.0,876.0
item_run_0504,item_pca30_l2_cosine,30,pca30_l2,cosine,16,40.0,0.227653,3250,2,1519,0.4673846153846154,1731,0.5326153846153846,974,0.2996923076923077,0.5626805314846909,757,865.5,865.5
item_run_0276,item_pca20_l2_cosine,20,pca20_l2,cosine,11,40.0,0.166963,3250,2,1527,0.46984615384615386,1723,0.5301538461538462,959,0.29507692307692307,0.5565873476494486,764,861.5,861.5
item_run_0844,item_standardized_l2_cosine,64,standardized_l2,cosine,128,30.0,0.329094,3250,2,1542,0.47446153846153843,1708,0.5255384615384615,973,0.29938461538461536,0.569672131147541,735,854.0,854.0
item_run_0065,item_l2_cosine,64,l2,cosine,128,30.0,0.338557,3250,2,1563,0.4809230769230769,1687,0.5190769230769231,1258,0.3870769230769231,0.7457024303497333,429,843.5,843.5
item_run_0522,item_pca30_l2_cosine,30,pca30_l2,cosine,31,35.0,0.225656,3250,2,1577,0.48523076923076924,1673,0.5147692307692308,952,0.2929230769230769,0.5690376569037657,721,836.5,836.5
item_run_0123,item_pca10_l2_cosine,10,pca10_l2,cosine,20,35.0,0.086155,3250,2,1578,0.48553846153846153,1672,0.5144615384615384,940,0.28923076923076924,0.562200956937799,732,836.0,836.0
item_run_0294,item_pca20_l2_cosine,20,pca20_l2,cosine,21,35.0,0.166042,3250,2,1599,0.492,1651,0.508,935,0.2876923076923077,0.5663234403391884,716,825.5,825.5
item_run_0028,item_l2_cosine,64,l2,cosine,33,35.0,0.310994,3250,2,1611,0.4956923076923077,1639,0.5043076923076923,1193,0.3670769230769231,0.7278828553996339,446,819.5,819.5
item_run_0807,item_standardized_l2_cosine,64,standardized_l2,cosine,33,35.0,0.304462,3250,2,1621,0.49876923076923074,1629,0.5012307692307693,935,0.2876923076923077,0.5739717618170657,694,814.5,814.5
item_run_0540,item_pca30_l2_cosine,30,pca30_l2,cosine,60,30.0,0.221491,3250,2,1645,0.5061538461538462,1605,0.4938461538461538,933,0.28707692307692306,0.5813084112149532,672,802.5,802.5
item_run_0503,item_pca30_l2_cosine,30,pca30_l2,cosine,16,35.0,0.207397,3250,2,1672,0.5144615384615384,1578,0.48553846153846153,909,0.2796923076923077,0.5760456273764258,669,789.0,789.0
item_run_0312,item_pca20_l2_cosine,20,pca20_l2,cosine,40,30.0,0.16185,3250,2,1687,0.5190769230769231,1563,0.4809230769230769,903,0.27784615384615385,0.5777351247600768,660,781.5,781.5
item_run_0104,item_pca10_l2_cosine,10,pca10_l2,cosine,11,35.0,0.073088,3250,2,1691,0.5203076923076924,1559,0.4796923076923077,886,0.2726153846153846,0.568313021167415,673,779.5,779.5
item_run_0825,item_standardized_l2_cosine,64,standardized_l2,cosine,65,30.0,0.296864,3250,2,1703,0.524,1547,0.476,905,0.2784615384615385,0.5850032320620556,642,773.5,773.5
item_run_0275,item_pca20_l2_cosine,20,pca20_l2,cosine,11,35.0,0.147863,3250,2,1705,0.5246153846153846,1545,0.4753846153846154,892,0.2744615384615385,0.5773462783171521,653,772.5,772.5
item_run_0046,item_l2_cosine,64,l2,cosine,65,30.0,0.302612,3250,2,1727,0.5313846153846153,1523,0.4686153846153846,1153,0.3547692307692308,0.7570584372948129,370,761.5,761.5
item_run_0521,item_pca30_l2_cosine,30,pca30_l2,cosine,31,30.0,0.199866,3250,2,1753,0.5393846153846154,1497,0.4606153846153846,887,0.27292307692307693,0.5925183700734803,610,748.5,748.5
item_run_0843,item_standardized_l2_cosine,64,standardized_l2,cosine,128,25.0,0.29368,3250,2,1757,0.5406153846153846,1493,0.4593846153846154,888,0.2732307692307692,0.594775619557937,605,746.5,746.5
item_run_0122,item_pca10_l2_cosine,10,pca10_l2,cosine,20,30.0,0.073426,3250,2,1768,0.544,1482,0.456,859,0.2643076923076923,0.5796221322537112,623,741.0,741.0
item_run_0460,item_pca20_standardized_l2_cosine,20,pca20_standardized_l2,cosine,40,10.0,0.448963,3250,2,1786,0.5495384615384615,1464,0.45046153846153847,1124,0.34584615384615386,0.76775956284153,340,732.0,732.0
item_run_0293,item_pca20_l2_cosine,20,pca20_l2,cosine,21,30.0,0.144256,3250,2,1789,0.5504615384615384,1461,0.44953846153846155,867,0.26676923076923076,0.5934291581108829,594,730.5,730.5
item_run_0806,item_standardized_l2_cosine,64,standardized_l2,cosine,33,30.0,0.27078,3250,2,1829,0.5627692307692308,1421,0.43723076923076926,850,0.26153846153846155,0.5981703026038001,571,710.5,710.5
item_run_0539,item_pca30_l2_cosine,30,pca30_l2,cosine,60,25.0,0.194108,3250,2,1836,0.564923076923077,1414,0.4350769230769231,863,0.26553846153846156,0.6103253182461104,551,707.0,707.0
item_run_0027,item_l2_cosine,64,l2,cosine,33,30.0,0.274836,3250,2,1854,0.5704615384615385,1396,0.42953846153846154,1083,0.3332307692307692,0.7757879656160458,313,698.0,698.0
item_run_0502,item_pca30_l2_cosine,30,pca30_l2,cosine,16,30.0,0.181436,3250,2,1859,0.572,1391,0.428,840,0.25846153846153846,0.603882099209202,551,695.5,695.5
item_run_0103,item_pca10_l2_cosine,10,pca10_l2,cosine,11,30.0,0.063005,3250,2,1868,0.5747692307692308,1382,0.42523076923076925,817,0.2513846153846154,0.5911722141823444,565,691.0,691.0
item_run_0064,item_l2_cosine,64,l2,cosine,128,25.0,0.290626,3250,2,1885,0.58,1365,0.42,1097,0.33753846153846156,0.8036630036630037,268,682.5,682.5
item_run_0274,item_pca20_l2_cosine,20,pca20_l2,cosine,11,30.0,0.130376,3250,2,1901,0.5849230769230769,1349,0.41507692307692307,814,0.25046153846153846,0.603409933283914,535,674.5,674.5
item_run_0311,item_pca20_l2_cosine,20,pca20_l2,cosine,40,25.0,0.140032,3250,2,1906,0.5864615384615385,1344,0.4135384615384615,829,0.2550769230769231,0.6168154761904762,515,672.0,672.0
item_run_0824,item_standardized_l2_cosine,64,standardized_l2,cosine,65,25.0,0.261052,3250,2,1917,0.5898461538461538,1333,0.41015384615384615,819,0.252,0.614403600900225,514,666.5,666.5
item_run_0121,item_pca10_l2_cosine,10,pca10_l2,cosine,20,25.0,0.062617,3250,2,1969,0.6058461538461538,1281,0.39415384615384613,785,0.24153846153846154,0.6128024980483997,496,640.5,640.5
item_run_0045,item_l2_cosine,64,l2,cosine,65,25.0,0.262226,3250,2,1979,0.6089230769230769,1271,0.3910769230769231,1024,0.3150769230769231,0.8056648308418568,247,635.5,635.5
item_run_0842,item_standardized_l2_cosine,64,standardized_l2,cosine,128,20.0,0.254979,3250,2,1994,0.6135384615384616,1256,0.38646153846153847,796,0.2449230769230769,0.6337579617834395,460,628.0,628.0
item_run_0520,item_pca30_l2_cosine,30,pca30_l2,cosine,31,25.0,0.171511,3250,2,1997,0.6144615384615385,1253,0.38553846153846155,796,0.2449230769230769,0.6352753391859537,457,626.5,626.5
item_run_0292,item_pca20_l2_cosine,20,pca20_l2,cosine,21,25.0,0.124621,3250,2,2006,0.6172307692307692,1244,0.38276923076923075,777,0.23907692307692308,0.6245980707395499,467,622.0,622.0
item_run_0805,item_standardized_l2_cosine,64,standardized_l2,cosine,33,25.0,0.237709,3250,2,2048,0.6301538461538462,1202,0.3698461538461538,759,0.23353846153846153,0.6314475873544093,443,601.0,601.0
item_run_0102,item_pca10_l2_cosine,10,pca10_l2,cosine,11,25.0,0.052998,3250,2,2071,0.6372307692307693,1179,0.3627692307692308,736,0.22646153846153846,0.6242578456318915,443,589.5,589.5
item_run_0026,item_l2_cosine,64,l2,cosine,33,25.0,0.237177,3250,2,2084,0.6412307692307693,1166,0.3587692307692308,948,0.2916923076923077,0.8130360205831904,218,583.0,583.0
item_run_0538,item_pca30_l2_cosine,30,pca30_l2,cosine,60,20.0,0.163571,3250,2,2112,0.6498461538461539,1138,0.35015384615384615,754,0.232,0.6625659050966608,384,569.0,569.0
item_run_0258,item_pca20_l2_cosine,20,pca20_l2,cosine,5,45.0,0.159456,3250,3,1499,0.4612307692307692,1751,0.5387692307692308,964,0.2966153846153846,0.5505425471159338,5,782.0,583.6666666666666
item_run_0257,item_pca20_l2_cosine,20,pca20_l2,cosine,5,40.0,0.144551,3250,3,1657,0.5098461538461538,1593,0.49015384615384616,903,0.27784615384615385,0.5668549905838042,12,678.0,531.0
item_run_0669,item_pca30_standardized_l2_cosine,30,pca30_standardized_l2,cosine,31,10.0,0.530877,3250,3,1658,0.5101538461538462,1592,0.4898461538461538,1283,0.39476923076923076,0.8059045226130653,34,275.0,530.6666666666666
item_run_0485,item_pca30_l2_cosine,30,pca30_l2,cosine,5,40.0,0.193686,3250,3,1681,0.5172307692307693,1569,0.4827692307692308,909,0.2796923076923077,0.5793499043977055,12,648.0,523.0
item_run_0256,item_pca20_l2_cosine,20,pca20_l2,cosine,5,35.0,0.12988,3250,3,1826,0.5618461538461539,1424,0.43815384615384617,835,0.2569230769230769,0.586376404494382,9,580.0,474.6666666666667
item_run_0484,item_pca30_l2_cosine,30,pca30_l2,cosine,5,35.0,0.176297,3250,3,1863,0.5732307692307692,1387,0.4267692307692308,830,0.2553846153846154,0.5984138428262437,9,548.0,462.3333333333333
item_run_0788,item_standardized_l2_cosine,64,standardized_l2,cosine,5,35.0,0.250801,3250,3,1894,0.5827692307692308,1356,0.41723076923076924,818,0.2516923076923077,0.6032448377581121,10,528.0,452.0
item_run_0483,item_pca30_l2_cosine,30,pca30_l2,cosine,5,30.0,0.154298,3250,3,2081,0.6403076923076924,1169,0.3596923076923077,739,0.22738461538461538,0.632164242942686,7,423.0,389.6666666666667
item_run_0088,item_pca10_l2_cosine,10,pca10_l2,cosine,5,50.0,0.083205,3250,4,1297,0.39907692307692305,1953,0.6009230769230769,1021,0.3141538461538462,0.5227854582693292,5,463.5,488.25
item_run_0791,item_standardized_l2_cosine,64,standardized_l2,cosine,5,50.0,0.325307,3250,4,1374,0.4227692307692308,1876,0.5772307692307692,1021,0.3141538461538462,0.5442430703624733,6,424.5,469.0
item_run_0486,item_pca30_l2_cosine,30,pca30_l2,cosine,5,45.0,0.214,3250,4,1504,0.46276923076923077,1746,0.5372307692307692,976,0.30030769230769233,0.5589919816723941,5,382.5,436.5
item_run_0790,item_standardized_l2_cosine,64,standardized_l2,cosine,5,45.0,0.302721,3250,4,1544,0.47507692307692306,1706,0.5249230769230769,961,0.2956923076923077,0.563305978898007,5,370.0,426.5
item_run_0789,item_standardized_l2_cosine,64,standardized_l2,cosine,5,40.0,0.275869,3250,4,1723,0.5301538461538462,1527,0.46984615384615386,886,0.2726153846153846,0.5802226588081205,5,318.0,381.75
item_run_0009,item_l2_cosine,64,l2,cosine,5,35.0,0.247054,3250,4,1945,0.5984615384615385,1305,0.4015384615384615,1002,0.3083076923076923,0.767816091954023,4,149.5,326.25
item_run_0084,item_pca10_l2_cosine,10,pca10_l2,cosine,5,30.0,0.048874,3250,4,2030,0.6246153846153846,1220,0.37538461538461537,742,0.2283076923076923,0.6081967213114754,5,236.5,305.0
item_run_0441,item_pca20_standardized_l2_cosine,20,pca20_standardized_l2,cosine,21,10.0,0.400303,3250,4,2053,0.6316923076923077,1197,0.3683076923076923,884,0.272,0.7385129490392648,19,147.0,299.25
item_run_0255,item_pca20_l2_cosine,20,pca20_l2,cosine,5,30.0,0.112083,3250,4,2067,0.636,1183,0.364,728,0.224,0.6153846153846154,5,225.0,295.75
item_run_0008,item_l2_cosine,64,l2,cosine,5,30.0,0.21955,3250,4,2102,0.6467692307692308,1148,0.35323076923076924,919,0.2827692307692308,0.8005226480836237,4,112.5,287.0
item_run_0259,item_pca20_l2_cosine,20,pca20_l2,cosine,5,50.0,0.177149,3250,5,1321,0.4064615384615385,1929,0.5935384615384616,1030,0.3169230769230769,0.5339554173146708,4,8.0,385.8
item_run_0086,item_pca10_l2_cosine,10,pca10_l2,cosine,5,40.0,0.066127,3250,5,1642,0.5052307692307693,1608,0.4947692307692308,889,0.27353846153846156,0.552860696517413,4,9.0,321.6
item_run_0234,item_pca10_standardized_l2_cosine,10,pca10_standardized_l2,cosine,20,20.0,0.232122,3250,6,1099,0.33815384615384614,2151,0.6618461538461539,1594,0.49046153846153845,0.7410506741050674,15,31.5,358.5
item_run_0087,item_pca10_l2_cosine,10,pca10_l2,cosine,5,45.0,0.075077,3250,6,1471,0.45261538461538464,1779,0.5473846153846154,956,0.29415384615384615,0.537380550871276,5,8.5,296.5
item_run_0085,item_pca10_l2_cosine,10,pca10_l2,cosine,5,35.0,0.05768,3250,6,1818,0.5593846153846154,1432,0.44061538461538463,813,0.25015384615384617,0.5677374301675978,4,7.0,238.66666666666666
item_run_0442,item_pca20_standardized_l2_cosine,20,pca20_standardized_l2,cosine,21,15.0,0.418906,3250,8,1384,0.4258461538461538,1866,0.5741538461538461,1360,0.41846153846153844,0.7288317256162915,12,23.0,233.25
item_run_0650,item_pca30_standardized_l2_cosine,30,pca30_standardized_l2,cosine,16,10.0,0.481097,3250,8,2020,0.6215384615384615,1230,0.37846153846153846,903,0.27784615384615385,0.7341463414634146,14,18.5,153.75
item_run_0233,item_pca10_standardized_l2_cosine,10,pca10_standardized_l2,cosine,20,15.0,0.220796,3250,9,1641,0.5049230769230769,1609,0.4950769230769231,857,0.26369230769230767,0.5326289620882536,15,50.0,178.77777777777777
item_run_0215,item_pca10_standardized_l2_cosine,10,pca10_standardized_l2,cosine,11,20.0,0.192794,3250,10,1412,0.43446153846153845,1838,0.5655384615384615,1605,0.4938461538461538,0.8732317736670294,7,19.0,183.8
item_run_0423,item_pca20_standardized_l2_cosine,20,pca20_standardized_l2,cosine,11,15.0,0.36987,3250,14,1702,0.5236923076923077,1548,0.4763076923076923,1373,0.42246153846153844,0.8869509043927648,8,10.0,110.57142857142857
item_run_0214,item_pca10_standardized_l2_cosine,10,pca10_standardized_l2,cosine,11,15.0,0.181505,3250,22,1912,0.5883076923076923,1338,0.4116923076923077,672,0.20676923076923076,0.5022421524663677,8,18.0,60.81818181818182
item_run_0198,item_pca10_standardized_l2_cosine,10,pca10_standardized_l2,cosine,5,30.0,0.157121,3250,41,1330,0.40923076923076923,1920,0.5907692307692308,1136,0.3495384615384615,0.5916666666666667,2,5.0,46.829268292682926
item_run_0635,item_pca30_standardized_l2_cosine,30,pca30_standardized_l2,cosine,5,30.0,0.436338,3250,45,1148,0.35323076923076924,2102,0.6467692307692308,1868,0.5747692307692308,0.8886774500475737,2,4.0,46.71111111111111
item_run_0634,item_pca30_standardized_l2_cosine,30,pca30_standardized_l2,cosine,5,25.0,0.429035,3250,45,1450,0.4461538461538462,1800,0.5538461538461539,1572,0.4836923076923077,0.8733333333333333,2,5.0,40.0
item_run_0407,item_pca20_standardized_l2_cosine,20,pca20_standardized_l2,cosine,5,30.0,0.336855,3250,46,1171,0.36030769230769233,2079,0.6396923076923077,1802,0.5544615384615385,0.8667628667628667,2,5.0,45.19565217391305
item_run_0197,item_pca10_standardized_l2_cosine,10,pca10_standardized_l2,cosine,5,25.0,0.15198,3250,57,1586,0.488,1664,0.512,731,0.22492307692307692,0.43930288461538464,1,5.0,29.19298245614035
item_run_0406,item_pca20_standardized_l2_cosine,20,pca20_standardized_l2,cosine,5,25.0,0.330039,3250,58,1463,0.4501538461538461,1787,0.5498461538461539,1413,0.4347692307692308,0.7907106883044208,2,5.0,30.810344827586206
item_run_0633,item_pca30_standardized_l2_cosine,30,pca30_standardized_l2,cosine,5,20.0,0.420501,3250,63,1724,0.5304615384615384,1526,0.4695384615384615,1110,0.3415384615384615,0.727391874180865,2,5.0,24.22222222222222
item_run_0405,item_pca20_standardized_l2_cosine,20,pca20_standardized_l2,cosine,5,20.0,0.321323,3250,67,1775,0.5461538461538461,1475,0.45384615384615384,853,0.26246153846153847,0.5783050847457627,1,5.0,22.01492537313433
item_run_0196,item_pca10_standardized_l2_cosine,10,pca10_standardized_l2,cosine,5,20.0,0.146025,3250,67,1878,0.5778461538461539,1372,0.42215384615384616,524,0.16123076923076923,0.3819241982507289,3,6.0,20.47761194029851
